Copyright 1986-2019 Xilinx, Inc. All Rights Reserved.
--------------------------------------------------------------------------------------------------------------------------------------------------------------------------------
| Tool Version : Vivado v.2019.1 (win64) Build 2552052 Fri May 24 14:49:42 MDT 2019
| Date         : Sun Oct 27 14:18:56 2019
| Host         : LAPTOP-69E4OMV9 running 64-bit major release  (build 9200)
| Command      : report_timing_summary -max_paths 10 -file top_timing_summary_routed.rpt -pb top_timing_summary_routed.pb -rpx top_timing_summary_routed.rpx -warn_on_violation
| Design       : top
| Device       : 7z020-clg484
| Speed File   : -1  PRODUCTION 1.11 2014-09-11
--------------------------------------------------------------------------------------------------------------------------------------------------------------------------------

Timing Summary Report

------------------------------------------------------------------------------------------------
| Timer Settings
| --------------
------------------------------------------------------------------------------------------------

  Enable Multi Corner Analysis               :  Yes
  Enable Pessimism Removal                   :  Yes
  Pessimism Removal Resolution               :  Nearest Common Node
  Enable Input Delay Default Clock           :  No
  Enable Preset / Clear Arcs                 :  No
  Disable Flight Delays                      :  No
  Ignore I/O Paths                           :  No
  Timing Early Launch at Borrowing Latches   :  No
  Borrow Time for Max Delay Exceptions       :  Yes

  Corner  Analyze    Analyze    
  Name    Max Paths  Min Paths  
  ------  ---------  ---------  
  Slow    Yes        Yes        
  Fast    Yes        Yes        



check_timing report

Table of Contents
-----------------
1. checking no_clock
2. checking constant_clock
3. checking pulse_width_clock
4. checking unconstrained_internal_endpoints
5. checking no_input_delay
6. checking no_output_delay
7. checking multiple_clock
8. checking generated_clocks
9. checking loops
10. checking partial_input_delay
11. checking partial_output_delay
12. checking latch_loops

1. checking no_clock
--------------------
 There are 0 register/latch pins with no clock.


2. checking constant_clock
--------------------------
 There are 0 register/latch pins with constant_clock.


3. checking pulse_width_clock
-----------------------------
 There are 0 register/latch pins which need pulse_width check


4. checking unconstrained_internal_endpoints
--------------------------------------------
 There are 0 pins that are not constrained for maximum delay.

 There are 0 pins that are not constrained for maximum delay due to constant clock.


5. checking no_input_delay
--------------------------
 There are 0 input ports with no input delay specified.

 There are 0 input ports with no input delay but user has a false path constraint.


6. checking no_output_delay
---------------------------
 There are 14 ports with no output delay specified. (HIGH)

 There are 0 ports with no output delay but user has a false path constraint

 There are 0 ports with no output delay but with a timing clock defined on it or propagating through it


7. checking multiple_clock
--------------------------
 There are 0 register/latch pins with multiple clocks.


8. checking generated_clocks
----------------------------
 There are 0 generated clocks that are not connected to a clock source.


9. checking loops
-----------------
 There are 0 combinational loops in the design.


10. checking partial_input_delay
--------------------------------
 There are 0 input ports with partial input delay specified.


11. checking partial_output_delay
---------------------------------
 There are 0 ports with partial output delay specified.


12. checking latch_loops
------------------------
 There are 0 combinational latch loops in the design through latch input



------------------------------------------------------------------------------------------------
| Design Timing Summary
| ---------------------
------------------------------------------------------------------------------------------------

    WNS(ns)      TNS(ns)  TNS Failing Endpoints  TNS Total Endpoints      WHS(ns)      THS(ns)  THS Failing Endpoints  THS Total Endpoints     WPWS(ns)     TPWS(ns)  TPWS Failing Endpoints  TPWS Total Endpoints  
    -------      -------  ---------------------  -------------------      -------      -------  ---------------------  -------------------     --------     --------  ----------------------  --------------------  
     27.916        0.000                      0                  717        0.178        0.000                      0                  717        2.208        0.000                       0                   125  


All user specified timing constraints are met.


------------------------------------------------------------------------------------------------
| Clock Summary
| -------------
------------------------------------------------------------------------------------------------

Clock                 Waveform(ns)       Period(ns)      Frequency(MHz)
-----                 ------------       ----------      --------------
sys_clk               {0.000 5.208}      10.417          95.997          
  clk_out2_clk_wiz_0  {0.000 19.865}     39.730          25.170          
  clkfbout_clk_wiz_0  {0.000 5.208}      10.417          95.997          


------------------------------------------------------------------------------------------------
| Intra Clock Table
| -----------------
------------------------------------------------------------------------------------------------

Clock                     WNS(ns)      TNS(ns)  TNS Failing Endpoints  TNS Total Endpoints      WHS(ns)      THS(ns)  THS Failing Endpoints  THS Total Endpoints     WPWS(ns)     TPWS(ns)  TPWS Failing Endpoints  TPWS Total Endpoints  
-----                     -------      -------  ---------------------  -------------------      -------      -------  ---------------------  -------------------     --------     --------  ----------------------  --------------------  
sys_clk                                                                                                                                                                 2.208        0.000                       0                     1  
  clk_out2_clk_wiz_0       27.916        0.000                      0                  717        0.178        0.000                      0                  717       19.365        0.000                       0                   121  
  clkfbout_clk_wiz_0                                                                                                                                                    8.262        0.000                       0                     3  


------------------------------------------------------------------------------------------------
| Inter Clock Table
| -----------------
------------------------------------------------------------------------------------------------

From Clock    To Clock          WNS(ns)      TNS(ns)  TNS Failing Endpoints  TNS Total Endpoints      WHS(ns)      THS(ns)  THS Failing Endpoints  THS Total Endpoints  
----------    --------          -------      -------  ---------------------  -------------------      -------      -------  ---------------------  -------------------  


------------------------------------------------------------------------------------------------
| Other Path Groups Table
| -----------------------
------------------------------------------------------------------------------------------------

Path Group    From Clock    To Clock          WNS(ns)      TNS(ns)  TNS Failing Endpoints  TNS Total Endpoints      WHS(ns)      THS(ns)  THS Failing Endpoints  THS Total Endpoints  
----------    ----------    --------          -------      -------  ---------------------  -------------------      -------      -------  ---------------------  -------------------  


------------------------------------------------------------------------------------------------
| Timing Details
| --------------
------------------------------------------------------------------------------------------------


---------------------------------------------------------------------------------------------------
From Clock:  sys_clk
  To Clock:  sys_clk

Setup :           NA  Failing Endpoints,  Worst Slack           NA  ,  Total Violation           NA
Hold  :           NA  Failing Endpoints,  Worst Slack           NA  ,  Total Violation           NA
PW    :            0  Failing Endpoints,  Worst Slack        2.208ns,  Total Violation        0.000ns
---------------------------------------------------------------------------------------------------


Pulse Width Checks
--------------------------------------------------------------------------------------
Clock Name:         sys_clk
Waveform(ns):       { 0.000 5.208 }
Period(ns):         10.417
Sources:            { sys_clk }

Check Type        Corner  Lib Pin            Reference Pin  Required(ns)  Actual(ns)  Slack(ns)  Location         Pin
Min Period        n/a     MMCME2_ADV/CLKIN1  n/a            1.249         10.417      9.168      MMCME2_ADV_X0Y0  clk_deler/inst/mmcm_adv_inst/CLKIN1
Max Period        n/a     MMCME2_ADV/CLKIN1  n/a            100.000       10.417      89.583     MMCME2_ADV_X0Y0  clk_deler/inst/mmcm_adv_inst/CLKIN1
Low Pulse Width   Fast    MMCME2_ADV/CLKIN1  n/a            3.000         5.208       2.208      MMCME2_ADV_X0Y0  clk_deler/inst/mmcm_adv_inst/CLKIN1
Low Pulse Width   Slow    MMCME2_ADV/CLKIN1  n/a            3.000         5.209       2.209      MMCME2_ADV_X0Y0  clk_deler/inst/mmcm_adv_inst/CLKIN1
High Pulse Width  Slow    MMCME2_ADV/CLKIN1  n/a            3.000         5.208       2.208      MMCME2_ADV_X0Y0  clk_deler/inst/mmcm_adv_inst/CLKIN1
High Pulse Width  Fast    MMCME2_ADV/CLKIN1  n/a            3.000         5.208       2.208      MMCME2_ADV_X0Y0  clk_deler/inst/mmcm_adv_inst/CLKIN1



---------------------------------------------------------------------------------------------------
From Clock:  clk_out2_clk_wiz_0
  To Clock:  clk_out2_clk_wiz_0

Setup :            0  Failing Endpoints,  Worst Slack       27.916ns,  Total Violation        0.000ns
Hold  :            0  Failing Endpoints,  Worst Slack        0.178ns,  Total Violation        0.000ns
PW    :            0  Failing Endpoints,  Worst Slack       19.365ns,  Total Violation        0.000ns
---------------------------------------------------------------------------------------------------


Max Delay Paths
--------------------------------------------------------------------------------------
Slack (MET) :             27.916ns  (required time - arrival time)
  Source:                 VGA_inst/VGA_controller_inst/STAT_beeld_INST/s_addr0/CLK
                            (rising edge-triggered cell DSP48E1 clocked by clk_out2_clk_wiz_0  {rise@0.000ns fall@19.865ns period=39.730ns})
  Destination:            VGA_inst/VGA_controller_inst/STAT_beeld_INST/ROM_Static_img_INST/U0/inst_blk_mem_gen/gnbram.gnativebmg.native_blk_mem_gen/valid.cstr/ramloop[19].ram.r/prim_init.ram/DEVICE_7SERIES.NO_BMM_INFO.SP.CASCADED_PRIM36.ram_B/ADDRARDADDR[15]
                            (rising edge-triggered cell RAMB36E1 clocked by clk_out2_clk_wiz_0  {rise@0.000ns fall@19.865ns period=39.730ns})
  Path Group:             clk_out2_clk_wiz_0
  Path Type:              Setup (Max at Slow Process Corner)
  Requirement:            39.730ns  (clk_out2_clk_wiz_0 rise@39.730ns - clk_out2_clk_wiz_0 rise@0.000ns)
  Data Path Delay:        10.946ns  (logic 4.133ns (37.760%)  route 6.813ns (62.240%))
  Logic Levels:           1  (LUT2=1)
  Clock Path Skew:        -0.261ns (DCD - SCD + CPR)
    Destination Clock Delay (DCD):    -2.040ns = ( 37.690 - 39.730 ) 
    Source Clock Delay      (SCD):    -1.240ns
    Clock Pessimism Removal (CPR):    0.539ns
  Clock Uncertainty:      0.093ns  ((TSJ^2 + DJ^2)^1/2) / 2 + PE
    Total System Jitter     (TSJ):    0.071ns
    Discrete Jitter          (DJ):    0.172ns
    Phase Error              (PE):    0.000ns

    Location             Delay type                Incr(ns)  Path(ns)    Netlist Resource(s)
  -------------------------------------------------------------------    -------------------
                         (clock clk_out2_clk_wiz_0 rise edge)
                                                      0.000     0.000 r  
    Y9                                                0.000     0.000 r  sys_clk (IN)
                         net (fo=0)                   0.000     0.000    clk_deler/inst/clk_in1
    Y9                   IBUF (Prop_ibuf_I_O)         0.975     0.975 r  clk_deler/inst/clkin1_ibufg/O
                         net (fo=1, routed)           1.285     2.260    clk_deler/inst/clk_in1_clk_wiz_0
    MMCME2_ADV_X0Y0      MMCME2_ADV (Prop_mmcme2_adv_CLKIN1_CLKOUT1)
                                                     -7.343    -5.083 r  clk_deler/inst/mmcm_adv_inst/CLKOUT1
                         net (fo=1, routed)           1.855    -3.228    clk_deler/inst/clk_out2_clk_wiz_0
    BUFGCTRL_X0Y0        BUFG (Prop_bufg_I_O)         0.101    -3.127 r  clk_deler/inst/clkout2_buf/O
                         net (fo=120, routed)         1.887    -1.240    VGA_inst/VGA_controller_inst/STAT_beeld_INST/clk_out2
    DSP48_X3Y18          DSP48E1                                      r  VGA_inst/VGA_controller_inst/STAT_beeld_INST/s_addr0/CLK
  -------------------------------------------------------------------    -------------------
    DSP48_X3Y18          DSP48E1 (Prop_dsp48e1_CLK_P[15])
                                                      4.009     2.769 r  VGA_inst/VGA_controller_inst/STAT_beeld_INST/s_addr0/P[15]
                         net (fo=17, routed)          0.827     3.596    VGA_inst/VGA_controller_inst/STAT_beeld_INST/s_addr0_n_90
    SLICE_X94Y48         LUT2 (Prop_lut2_I0_O)        0.124     3.720 r  VGA_inst/VGA_controller_inst/STAT_beeld_INST/ROM_Static_img_INST_i_4/O
                         net (fo=36, routed)          5.985     9.705    VGA_inst/VGA_controller_inst/STAT_beeld_INST/ROM_Static_img_INST/U0/inst_blk_mem_gen/gnbram.gnativebmg.native_blk_mem_gen/valid.cstr/ramloop[19].ram.r/prim_init.ram/addra[15]
    RAMB36_X1Y8          RAMB36E1                                     r  VGA_inst/VGA_controller_inst/STAT_beeld_INST/ROM_Static_img_INST/U0/inst_blk_mem_gen/gnbram.gnativebmg.native_blk_mem_gen/valid.cstr/ramloop[19].ram.r/prim_init.ram/DEVICE_7SERIES.NO_BMM_INFO.SP.CASCADED_PRIM36.ram_B/ADDRARDADDR[15]
  -------------------------------------------------------------------    -------------------

                         (clock clk_out2_clk_wiz_0 rise edge)
                                                     39.730    39.730 r  
    Y9                                                0.000    39.730 r  sys_clk (IN)
                         net (fo=0)                   0.000    39.730    clk_deler/inst/clk_in1
    Y9                   IBUF (Prop_ibuf_I_O)         0.842    40.572 r  clk_deler/inst/clkin1_ibufg/O
                         net (fo=1, routed)           1.162    41.734    clk_deler/inst/clk_in1_clk_wiz_0
    MMCME2_ADV_X0Y0      MMCME2_ADV (Prop_mmcme2_adv_CLKIN1_CLKOUT1)
                                                     -7.438    34.296 r  clk_deler/inst/mmcm_adv_inst/CLKOUT1
                         net (fo=1, routed)           1.691    35.987    clk_deler/inst/clk_out2_clk_wiz_0
    BUFGCTRL_X0Y0        BUFG (Prop_bufg_I_O)         0.091    36.078 r  clk_deler/inst/clkout2_buf/O
                         net (fo=120, routed)         1.612    37.690    VGA_inst/VGA_controller_inst/STAT_beeld_INST/ROM_Static_img_INST/U0/inst_blk_mem_gen/gnbram.gnativebmg.native_blk_mem_gen/valid.cstr/ramloop[19].ram.r/prim_init.ram/clka
    RAMB36_X1Y8          RAMB36E1                                     r  VGA_inst/VGA_controller_inst/STAT_beeld_INST/ROM_Static_img_INST/U0/inst_blk_mem_gen/gnbram.gnativebmg.native_blk_mem_gen/valid.cstr/ramloop[19].ram.r/prim_init.ram/DEVICE_7SERIES.NO_BMM_INFO.SP.CASCADED_PRIM36.ram_B/CLKARDCLK
                         clock pessimism              0.539    38.229    
                         clock uncertainty           -0.093    38.136    
    RAMB36_X1Y8          RAMB36E1 (Setup_ramb36e1_CLKARDCLK_ADDRARDADDR[15])
                                                     -0.515    37.621    VGA_inst/VGA_controller_inst/STAT_beeld_INST/ROM_Static_img_INST/U0/inst_blk_mem_gen/gnbram.gnativebmg.native_blk_mem_gen/valid.cstr/ramloop[19].ram.r/prim_init.ram/DEVICE_7SERIES.NO_BMM_INFO.SP.CASCADED_PRIM36.ram_B
  -------------------------------------------------------------------
                         required time                         37.621    
                         arrival time                          -9.705    
  -------------------------------------------------------------------
                         slack                                 27.916    

Slack (MET) :             27.924ns  (required time - arrival time)
  Source:                 VGA_inst/VGA_controller_inst/STAT_beeld_INST/s_addr0/CLK
                            (rising edge-triggered cell DSP48E1 clocked by clk_out2_clk_wiz_0  {rise@0.000ns fall@19.865ns period=39.730ns})
  Destination:            VGA_inst/VGA_controller_inst/STAT_beeld_INST/ROM_Static_img_INST/U0/inst_blk_mem_gen/gnbram.gnativebmg.native_blk_mem_gen/valid.cstr/ramloop[19].ram.r/prim_init.ram/DEVICE_7SERIES.NO_BMM_INFO.SP.CASCADED_PRIM36.ram_T/ENARDEN
                            (rising edge-triggered cell RAMB36E1 clocked by clk_out2_clk_wiz_0  {rise@0.000ns fall@19.865ns period=39.730ns})
  Path Group:             clk_out2_clk_wiz_0
  Path Type:              Setup (Max at Slow Process Corner)
  Requirement:            39.730ns  (clk_out2_clk_wiz_0 rise@39.730ns - clk_out2_clk_wiz_0 rise@0.000ns)
  Data Path Delay:        11.010ns  (logic 4.521ns (41.061%)  route 6.489ns (58.939%))
  Logic Levels:           2  (LUT2=1 LUT3=1)
  Clock Path Skew:        -0.260ns (DCD - SCD + CPR)
    Destination Clock Delay (DCD):    -2.039ns = ( 37.691 - 39.730 ) 
    Source Clock Delay      (SCD):    -1.240ns
    Clock Pessimism Removal (CPR):    0.539ns
  Clock Uncertainty:      0.093ns  ((TSJ^2 + DJ^2)^1/2) / 2 + PE
    Total System Jitter     (TSJ):    0.071ns
    Discrete Jitter          (DJ):    0.172ns
    Phase Error              (PE):    0.000ns

    Location             Delay type                Incr(ns)  Path(ns)    Netlist Resource(s)
  -------------------------------------------------------------------    -------------------
                         (clock clk_out2_clk_wiz_0 rise edge)
                                                      0.000     0.000 r  
    Y9                                                0.000     0.000 r  sys_clk (IN)
                         net (fo=0)                   0.000     0.000    clk_deler/inst/clk_in1
    Y9                   IBUF (Prop_ibuf_I_O)         0.975     0.975 r  clk_deler/inst/clkin1_ibufg/O
                         net (fo=1, routed)           1.285     2.260    clk_deler/inst/clk_in1_clk_wiz_0
    MMCME2_ADV_X0Y0      MMCME2_ADV (Prop_mmcme2_adv_CLKIN1_CLKOUT1)
                                                     -7.343    -5.083 r  clk_deler/inst/mmcm_adv_inst/CLKOUT1
                         net (fo=1, routed)           1.855    -3.228    clk_deler/inst/clk_out2_clk_wiz_0
    BUFGCTRL_X0Y0        BUFG (Prop_bufg_I_O)         0.101    -3.127 r  clk_deler/inst/clkout2_buf/O
                         net (fo=120, routed)         1.887    -1.240    VGA_inst/VGA_controller_inst/STAT_beeld_INST/clk_out2
    DSP48_X3Y18          DSP48E1                                      r  VGA_inst/VGA_controller_inst/STAT_beeld_INST/s_addr0/CLK
  -------------------------------------------------------------------    -------------------
    DSP48_X3Y18          DSP48E1 (Prop_dsp48e1_CLK_P[18])
                                                      4.009     2.769 f  VGA_inst/VGA_controller_inst/STAT_beeld_INST/s_addr0/P[18]
                         net (fo=1, routed)           1.034     3.803    VGA_inst/VGA_controller_inst/STAT_beeld_INST/s_addr0_n_87
    SLICE_X94Y48         LUT2 (Prop_lut2_I0_O)        0.157     3.960 f  VGA_inst/VGA_controller_inst/STAT_beeld_INST/ROM_Static_img_INST_i_1/O
                         net (fo=24, routed)          3.518     7.478    VGA_inst/VGA_controller_inst/STAT_beeld_INST/ROM_Static_img_INST/U0/inst_blk_mem_gen/gnbram.gnativebmg.native_blk_mem_gen/valid.cstr/ramloop[13].ram.r/prim_init.ram/addra[18]
    SLICE_X50Y43         LUT3 (Prop_lut3_I0_O)        0.355     7.833 r  VGA_inst/VGA_controller_inst/STAT_beeld_INST/ROM_Static_img_INST/U0/inst_blk_mem_gen/gnbram.gnativebmg.native_blk_mem_gen/valid.cstr/ramloop[13].ram.r/prim_init.ram/DEVICE_7SERIES.NO_BMM_INFO.SP.CASCADED_PRIM36.ram_T_i_1__1/O
                         net (fo=5, routed)           1.937     9.770    VGA_inst/VGA_controller_inst/STAT_beeld_INST/ROM_Static_img_INST/U0/inst_blk_mem_gen/gnbram.gnativebmg.native_blk_mem_gen/valid.cstr/ramloop[19].ram.r/prim_init.ram/ENA
    RAMB36_X1Y9          RAMB36E1                                     r  VGA_inst/VGA_controller_inst/STAT_beeld_INST/ROM_Static_img_INST/U0/inst_blk_mem_gen/gnbram.gnativebmg.native_blk_mem_gen/valid.cstr/ramloop[19].ram.r/prim_init.ram/DEVICE_7SERIES.NO_BMM_INFO.SP.CASCADED_PRIM36.ram_T/ENARDEN
  -------------------------------------------------------------------    -------------------

                         (clock clk_out2_clk_wiz_0 rise edge)
                                                     39.730    39.730 r  
    Y9                                                0.000    39.730 r  sys_clk (IN)
                         net (fo=0)                   0.000    39.730    clk_deler/inst/clk_in1
    Y9                   IBUF (Prop_ibuf_I_O)         0.842    40.572 r  clk_deler/inst/clkin1_ibufg/O
                         net (fo=1, routed)           1.162    41.734    clk_deler/inst/clk_in1_clk_wiz_0
    MMCME2_ADV_X0Y0      MMCME2_ADV (Prop_mmcme2_adv_CLKIN1_CLKOUT1)
                                                     -7.438    34.296 r  clk_deler/inst/mmcm_adv_inst/CLKOUT1
                         net (fo=1, routed)           1.691    35.987    clk_deler/inst/clk_out2_clk_wiz_0
    BUFGCTRL_X0Y0        BUFG (Prop_bufg_I_O)         0.091    36.078 r  clk_deler/inst/clkout2_buf/O
                         net (fo=120, routed)         1.613    37.691    VGA_inst/VGA_controller_inst/STAT_beeld_INST/ROM_Static_img_INST/U0/inst_blk_mem_gen/gnbram.gnativebmg.native_blk_mem_gen/valid.cstr/ramloop[19].ram.r/prim_init.ram/clka
    RAMB36_X1Y9          RAMB36E1                                     r  VGA_inst/VGA_controller_inst/STAT_beeld_INST/ROM_Static_img_INST/U0/inst_blk_mem_gen/gnbram.gnativebmg.native_blk_mem_gen/valid.cstr/ramloop[19].ram.r/prim_init.ram/DEVICE_7SERIES.NO_BMM_INFO.SP.CASCADED_PRIM36.ram_T/CLKARDCLK
                         clock pessimism              0.539    38.230    
                         clock uncertainty           -0.093    38.137    
    RAMB36_X1Y9          RAMB36E1 (Setup_ramb36e1_CLKARDCLK_ENARDEN)
                                                     -0.443    37.694    VGA_inst/VGA_controller_inst/STAT_beeld_INST/ROM_Static_img_INST/U0/inst_blk_mem_gen/gnbram.gnativebmg.native_blk_mem_gen/valid.cstr/ramloop[19].ram.r/prim_init.ram/DEVICE_7SERIES.NO_BMM_INFO.SP.CASCADED_PRIM36.ram_T
  -------------------------------------------------------------------
                         required time                         37.694    
                         arrival time                          -9.770    
  -------------------------------------------------------------------
                         slack                                 27.924    

Slack (MET) :             27.984ns  (required time - arrival time)
  Source:                 VGA_inst/VGA_controller_inst/STAT_beeld_INST/s_addr0/CLK
                            (rising edge-triggered cell DSP48E1 clocked by clk_out2_clk_wiz_0  {rise@0.000ns fall@19.865ns period=39.730ns})
  Destination:            VGA_inst/VGA_controller_inst/STAT_beeld_INST/ROM_Static_img_INST/U0/inst_blk_mem_gen/gnbram.gnativebmg.native_blk_mem_gen/valid.cstr/ramloop[21].ram.r/prim_init.ram/DEVICE_7SERIES.NO_BMM_INFO.SP.CASCADED_PRIM36.ram_T/ENARDEN
                            (rising edge-triggered cell RAMB36E1 clocked by clk_out2_clk_wiz_0  {rise@0.000ns fall@19.865ns period=39.730ns})
  Path Group:             clk_out2_clk_wiz_0
  Path Type:              Setup (Max at Slow Process Corner)
  Requirement:            39.730ns  (clk_out2_clk_wiz_0 rise@39.730ns - clk_out2_clk_wiz_0 rise@0.000ns)
  Data Path Delay:        10.836ns  (logic 4.521ns (41.722%)  route 6.315ns (58.278%))
  Logic Levels:           2  (LUT2=1 LUT3=1)
  Clock Path Skew:        -0.374ns (DCD - SCD + CPR)
    Destination Clock Delay (DCD):    -2.139ns = ( 37.591 - 39.730 ) 
    Source Clock Delay      (SCD):    -1.240ns
    Clock Pessimism Removal (CPR):    0.525ns
  Clock Uncertainty:      0.093ns  ((TSJ^2 + DJ^2)^1/2) / 2 + PE
    Total System Jitter     (TSJ):    0.071ns
    Discrete Jitter          (DJ):    0.172ns
    Phase Error              (PE):    0.000ns

    Location             Delay type                Incr(ns)  Path(ns)    Netlist Resource(s)
  -------------------------------------------------------------------    -------------------
                         (clock clk_out2_clk_wiz_0 rise edge)
                                                      0.000     0.000 r  
    Y9                                                0.000     0.000 r  sys_clk (IN)
                         net (fo=0)                   0.000     0.000    clk_deler/inst/clk_in1
    Y9                   IBUF (Prop_ibuf_I_O)         0.975     0.975 r  clk_deler/inst/clkin1_ibufg/O
                         net (fo=1, routed)           1.285     2.260    clk_deler/inst/clk_in1_clk_wiz_0
    MMCME2_ADV_X0Y0      MMCME2_ADV (Prop_mmcme2_adv_CLKIN1_CLKOUT1)
                                                     -7.343    -5.083 r  clk_deler/inst/mmcm_adv_inst/CLKOUT1
                         net (fo=1, routed)           1.855    -3.228    clk_deler/inst/clk_out2_clk_wiz_0
    BUFGCTRL_X0Y0        BUFG (Prop_bufg_I_O)         0.101    -3.127 r  clk_deler/inst/clkout2_buf/O
                         net (fo=120, routed)         1.887    -1.240    VGA_inst/VGA_controller_inst/STAT_beeld_INST/clk_out2
    DSP48_X3Y18          DSP48E1                                      r  VGA_inst/VGA_controller_inst/STAT_beeld_INST/s_addr0/CLK
  -------------------------------------------------------------------    -------------------
    DSP48_X3Y18          DSP48E1 (Prop_dsp48e1_CLK_P[18])
                                                      4.009     2.769 f  VGA_inst/VGA_controller_inst/STAT_beeld_INST/s_addr0/P[18]
                         net (fo=1, routed)           1.034     3.803    VGA_inst/VGA_controller_inst/STAT_beeld_INST/s_addr0_n_87
    SLICE_X94Y48         LUT2 (Prop_lut2_I0_O)        0.157     3.960 f  VGA_inst/VGA_controller_inst/STAT_beeld_INST/ROM_Static_img_INST_i_1/O
                         net (fo=24, routed)          3.271     7.232    VGA_inst/VGA_controller_inst/STAT_beeld_INST/ROM_Static_img_INST/U0/inst_blk_mem_gen/gnbram.gnativebmg.native_blk_mem_gen/valid.cstr/ramloop[15].ram.r/prim_init.ram/addra[18]
    SLICE_X54Y48         LUT3 (Prop_lut3_I0_O)        0.355     7.587 r  VGA_inst/VGA_controller_inst/STAT_beeld_INST/ROM_Static_img_INST/U0/inst_blk_mem_gen/gnbram.gnativebmg.native_blk_mem_gen/valid.cstr/ramloop[15].ram.r/prim_init.ram/DEVICE_7SERIES.NO_BMM_INFO.SP.CASCADED_PRIM36.ram_T_i_1__0/O
                         net (fo=5, routed)           2.009     9.596    VGA_inst/VGA_controller_inst/STAT_beeld_INST/ROM_Static_img_INST/U0/inst_blk_mem_gen/gnbram.gnativebmg.native_blk_mem_gen/valid.cstr/ramloop[21].ram.r/prim_init.ram/ENA
    RAMB36_X2Y12         RAMB36E1                                     r  VGA_inst/VGA_controller_inst/STAT_beeld_INST/ROM_Static_img_INST/U0/inst_blk_mem_gen/gnbram.gnativebmg.native_blk_mem_gen/valid.cstr/ramloop[21].ram.r/prim_init.ram/DEVICE_7SERIES.NO_BMM_INFO.SP.CASCADED_PRIM36.ram_T/ENARDEN
  -------------------------------------------------------------------    -------------------

                         (clock clk_out2_clk_wiz_0 rise edge)
                                                     39.730    39.730 r  
    Y9                                                0.000    39.730 r  sys_clk (IN)
                         net (fo=0)                   0.000    39.730    clk_deler/inst/clk_in1
    Y9                   IBUF (Prop_ibuf_I_O)         0.842    40.572 r  clk_deler/inst/clkin1_ibufg/O
                         net (fo=1, routed)           1.162    41.734    clk_deler/inst/clk_in1_clk_wiz_0
    MMCME2_ADV_X0Y0      MMCME2_ADV (Prop_mmcme2_adv_CLKIN1_CLKOUT1)
                                                     -7.438    34.296 r  clk_deler/inst/mmcm_adv_inst/CLKOUT1
                         net (fo=1, routed)           1.691    35.987    clk_deler/inst/clk_out2_clk_wiz_0
    BUFGCTRL_X0Y0        BUFG (Prop_bufg_I_O)         0.091    36.078 r  clk_deler/inst/clkout2_buf/O
                         net (fo=120, routed)         1.513    37.591    VGA_inst/VGA_controller_inst/STAT_beeld_INST/ROM_Static_img_INST/U0/inst_blk_mem_gen/gnbram.gnativebmg.native_blk_mem_gen/valid.cstr/ramloop[21].ram.r/prim_init.ram/clka
    RAMB36_X2Y12         RAMB36E1                                     r  VGA_inst/VGA_controller_inst/STAT_beeld_INST/ROM_Static_img_INST/U0/inst_blk_mem_gen/gnbram.gnativebmg.native_blk_mem_gen/valid.cstr/ramloop[21].ram.r/prim_init.ram/DEVICE_7SERIES.NO_BMM_INFO.SP.CASCADED_PRIM36.ram_T/CLKARDCLK
                         clock pessimism              0.525    38.116    
                         clock uncertainty           -0.093    38.023    
    RAMB36_X2Y12         RAMB36E1 (Setup_ramb36e1_CLKARDCLK_ENARDEN)
                                                     -0.443    37.580    VGA_inst/VGA_controller_inst/STAT_beeld_INST/ROM_Static_img_INST/U0/inst_blk_mem_gen/gnbram.gnativebmg.native_blk_mem_gen/valid.cstr/ramloop[21].ram.r/prim_init.ram/DEVICE_7SERIES.NO_BMM_INFO.SP.CASCADED_PRIM36.ram_T
  -------------------------------------------------------------------
                         required time                         37.580    
                         arrival time                          -9.596    
  -------------------------------------------------------------------
                         slack                                 27.984    

Slack (MET) :             28.188ns  (required time - arrival time)
  Source:                 VGA_inst/VGA_controller_inst/STAT_beeld_INST/s_addr0/CLK
                            (rising edge-triggered cell DSP48E1 clocked by clk_out2_clk_wiz_0  {rise@0.000ns fall@19.865ns period=39.730ns})
  Destination:            VGA_inst/VGA_controller_inst/STAT_beeld_INST/ROM_Static_img_INST/U0/inst_blk_mem_gen/gnbram.gnativebmg.native_blk_mem_gen/valid.cstr/ramloop[19].ram.r/prim_init.ram/DEVICE_7SERIES.NO_BMM_INFO.SP.CASCADED_PRIM36.ram_B/ENARDEN
                            (rising edge-triggered cell RAMB36E1 clocked by clk_out2_clk_wiz_0  {rise@0.000ns fall@19.865ns period=39.730ns})
  Path Group:             clk_out2_clk_wiz_0
  Path Type:              Setup (Max at Slow Process Corner)
  Requirement:            39.730ns  (clk_out2_clk_wiz_0 rise@39.730ns - clk_out2_clk_wiz_0 rise@0.000ns)
  Data Path Delay:        10.745ns  (logic 4.521ns (42.076%)  route 6.224ns (57.924%))
  Logic Levels:           2  (LUT2=1 LUT6=1)
  Clock Path Skew:        -0.261ns (DCD - SCD + CPR)
    Destination Clock Delay (DCD):    -2.040ns = ( 37.690 - 39.730 ) 
    Source Clock Delay      (SCD):    -1.240ns
    Clock Pessimism Removal (CPR):    0.539ns
  Clock Uncertainty:      0.093ns  ((TSJ^2 + DJ^2)^1/2) / 2 + PE
    Total System Jitter     (TSJ):    0.071ns
    Discrete Jitter          (DJ):    0.172ns
    Phase Error              (PE):    0.000ns

    Location             Delay type                Incr(ns)  Path(ns)    Netlist Resource(s)
  -------------------------------------------------------------------    -------------------
                         (clock clk_out2_clk_wiz_0 rise edge)
                                                      0.000     0.000 r  
    Y9                                                0.000     0.000 r  sys_clk (IN)
                         net (fo=0)                   0.000     0.000    clk_deler/inst/clk_in1
    Y9                   IBUF (Prop_ibuf_I_O)         0.975     0.975 r  clk_deler/inst/clkin1_ibufg/O
                         net (fo=1, routed)           1.285     2.260    clk_deler/inst/clk_in1_clk_wiz_0
    MMCME2_ADV_X0Y0      MMCME2_ADV (Prop_mmcme2_adv_CLKIN1_CLKOUT1)
                                                     -7.343    -5.083 r  clk_deler/inst/mmcm_adv_inst/CLKOUT1
                         net (fo=1, routed)           1.855    -3.228    clk_deler/inst/clk_out2_clk_wiz_0
    BUFGCTRL_X0Y0        BUFG (Prop_bufg_I_O)         0.101    -3.127 r  clk_deler/inst/clkout2_buf/O
                         net (fo=120, routed)         1.887    -1.240    VGA_inst/VGA_controller_inst/STAT_beeld_INST/clk_out2
    DSP48_X3Y18          DSP48E1                                      r  VGA_inst/VGA_controller_inst/STAT_beeld_INST/s_addr0/CLK
  -------------------------------------------------------------------    -------------------
    DSP48_X3Y18          DSP48E1 (Prop_dsp48e1_CLK_P[18])
                                                      4.009     2.769 f  VGA_inst/VGA_controller_inst/STAT_beeld_INST/s_addr0/P[18]
                         net (fo=1, routed)           1.034     3.803    VGA_inst/VGA_controller_inst/STAT_beeld_INST/s_addr0_n_87
    SLICE_X94Y48         LUT2 (Prop_lut2_I0_O)        0.157     3.960 f  VGA_inst/VGA_controller_inst/STAT_beeld_INST/ROM_Static_img_INST_i_1/O
                         net (fo=24, routed)          3.672     7.632    VGA_inst/VGA_controller_inst/STAT_beeld_INST/ROM_Static_img_INST/U0/inst_blk_mem_gen/gnbram.gnativebmg.native_blk_mem_gen/valid.cstr/ramloop[19].ram.r/prim_init.ram/pwropt_3
    SLICE_X50Y43         LUT6 (Prop_lut6_I2_O)        0.355     7.987 r  VGA_inst/VGA_controller_inst/STAT_beeld_INST/ROM_Static_img_INST/U0/inst_blk_mem_gen/gnbram.gnativebmg.native_blk_mem_gen/valid.cstr/ramloop[19].ram.r/prim_init.ram/DEVICE_7SERIES.NO_BMM_INFO.SP.CASCADED_PRIM36.ram_B_ENARDEN_cooolgate_en_gate_22_LOPT_REMAP/O
                         net (fo=1, routed)           1.517     9.505    VGA_inst/VGA_controller_inst/STAT_beeld_INST/ROM_Static_img_INST/U0/inst_blk_mem_gen/gnbram.gnativebmg.native_blk_mem_gen/valid.cstr/ramloop[19].ram.r/prim_init.ram/DEVICE_7SERIES.NO_BMM_INFO.SP.CASCADED_PRIM36.ram_B_ENARDEN_cooolgate_en_sig_13
    RAMB36_X1Y8          RAMB36E1                                     r  VGA_inst/VGA_controller_inst/STAT_beeld_INST/ROM_Static_img_INST/U0/inst_blk_mem_gen/gnbram.gnativebmg.native_blk_mem_gen/valid.cstr/ramloop[19].ram.r/prim_init.ram/DEVICE_7SERIES.NO_BMM_INFO.SP.CASCADED_PRIM36.ram_B/ENARDEN
  -------------------------------------------------------------------    -------------------

                         (clock clk_out2_clk_wiz_0 rise edge)
                                                     39.730    39.730 r  
    Y9                                                0.000    39.730 r  sys_clk (IN)
                         net (fo=0)                   0.000    39.730    clk_deler/inst/clk_in1
    Y9                   IBUF (Prop_ibuf_I_O)         0.842    40.572 r  clk_deler/inst/clkin1_ibufg/O
                         net (fo=1, routed)           1.162    41.734    clk_deler/inst/clk_in1_clk_wiz_0
    MMCME2_ADV_X0Y0      MMCME2_ADV (Prop_mmcme2_adv_CLKIN1_CLKOUT1)
                                                     -7.438    34.296 r  clk_deler/inst/mmcm_adv_inst/CLKOUT1
                         net (fo=1, routed)           1.691    35.987    clk_deler/inst/clk_out2_clk_wiz_0
    BUFGCTRL_X0Y0        BUFG (Prop_bufg_I_O)         0.091    36.078 r  clk_deler/inst/clkout2_buf/O
                         net (fo=120, routed)         1.612    37.690    VGA_inst/VGA_controller_inst/STAT_beeld_INST/ROM_Static_img_INST/U0/inst_blk_mem_gen/gnbram.gnativebmg.native_blk_mem_gen/valid.cstr/ramloop[19].ram.r/prim_init.ram/clka
    RAMB36_X1Y8          RAMB36E1                                     r  VGA_inst/VGA_controller_inst/STAT_beeld_INST/ROM_Static_img_INST/U0/inst_blk_mem_gen/gnbram.gnativebmg.native_blk_mem_gen/valid.cstr/ramloop[19].ram.r/prim_init.ram/DEVICE_7SERIES.NO_BMM_INFO.SP.CASCADED_PRIM36.ram_B/CLKARDCLK
                         clock pessimism              0.539    38.229    
                         clock uncertainty           -0.093    38.136    
    RAMB36_X1Y8          RAMB36E1 (Setup_ramb36e1_CLKARDCLK_ENARDEN)
                                                     -0.443    37.693    VGA_inst/VGA_controller_inst/STAT_beeld_INST/ROM_Static_img_INST/U0/inst_blk_mem_gen/gnbram.gnativebmg.native_blk_mem_gen/valid.cstr/ramloop[19].ram.r/prim_init.ram/DEVICE_7SERIES.NO_BMM_INFO.SP.CASCADED_PRIM36.ram_B
  -------------------------------------------------------------------
                         required time                         37.693    
                         arrival time                          -9.505    
  -------------------------------------------------------------------
                         slack                                 28.188    

Slack (MET) :             28.192ns  (required time - arrival time)
  Source:                 VGA_inst/VGA_controller_inst/STAT_beeld_INST/s_addr0/CLK
                            (rising edge-triggered cell DSP48E1 clocked by clk_out2_clk_wiz_0  {rise@0.000ns fall@19.865ns period=39.730ns})
  Destination:            VGA_inst/VGA_controller_inst/STAT_beeld_INST/ROM_Static_img_INST/U0/inst_blk_mem_gen/gnbram.gnativebmg.native_blk_mem_gen/valid.cstr/ramloop[21].ram.r/prim_init.ram/DEVICE_7SERIES.NO_BMM_INFO.SP.CASCADED_PRIM36.ram_T/ADDRARDADDR[15]
                            (rising edge-triggered cell RAMB36E1 clocked by clk_out2_clk_wiz_0  {rise@0.000ns fall@19.865ns period=39.730ns})
  Path Group:             clk_out2_clk_wiz_0
  Path Type:              Setup (Max at Slow Process Corner)
  Requirement:            39.730ns  (clk_out2_clk_wiz_0 rise@39.730ns - clk_out2_clk_wiz_0 rise@0.000ns)
  Data Path Delay:        10.556ns  (logic 4.133ns (39.151%)  route 6.423ns (60.849%))
  Logic Levels:           1  (LUT2=1)
  Clock Path Skew:        -0.374ns (DCD - SCD + CPR)
    Destination Clock Delay (DCD):    -2.139ns = ( 37.591 - 39.730 ) 
    Source Clock Delay      (SCD):    -1.240ns
    Clock Pessimism Removal (CPR):    0.525ns
  Clock Uncertainty:      0.093ns  ((TSJ^2 + DJ^2)^1/2) / 2 + PE
    Total System Jitter     (TSJ):    0.071ns
    Discrete Jitter          (DJ):    0.172ns
    Phase Error              (PE):    0.000ns

    Location             Delay type                Incr(ns)  Path(ns)    Netlist Resource(s)
  -------------------------------------------------------------------    -------------------
                         (clock clk_out2_clk_wiz_0 rise edge)
                                                      0.000     0.000 r  
    Y9                                                0.000     0.000 r  sys_clk (IN)
                         net (fo=0)                   0.000     0.000    clk_deler/inst/clk_in1
    Y9                   IBUF (Prop_ibuf_I_O)         0.975     0.975 r  clk_deler/inst/clkin1_ibufg/O
                         net (fo=1, routed)           1.285     2.260    clk_deler/inst/clk_in1_clk_wiz_0
    MMCME2_ADV_X0Y0      MMCME2_ADV (Prop_mmcme2_adv_CLKIN1_CLKOUT1)
                                                     -7.343    -5.083 r  clk_deler/inst/mmcm_adv_inst/CLKOUT1
                         net (fo=1, routed)           1.855    -3.228    clk_deler/inst/clk_out2_clk_wiz_0
    BUFGCTRL_X0Y0        BUFG (Prop_bufg_I_O)         0.101    -3.127 r  clk_deler/inst/clkout2_buf/O
                         net (fo=120, routed)         1.887    -1.240    VGA_inst/VGA_controller_inst/STAT_beeld_INST/clk_out2
    DSP48_X3Y18          DSP48E1                                      r  VGA_inst/VGA_controller_inst/STAT_beeld_INST/s_addr0/CLK
  -------------------------------------------------------------------    -------------------
    DSP48_X3Y18          DSP48E1 (Prop_dsp48e1_CLK_P[15])
                                                      4.009     2.769 r  VGA_inst/VGA_controller_inst/STAT_beeld_INST/s_addr0/P[15]
                         net (fo=17, routed)          0.827     3.596    VGA_inst/VGA_controller_inst/STAT_beeld_INST/s_addr0_n_90
    SLICE_X94Y48         LUT2 (Prop_lut2_I0_O)        0.124     3.720 r  VGA_inst/VGA_controller_inst/STAT_beeld_INST/ROM_Static_img_INST_i_4/O
                         net (fo=36, routed)          5.596     9.316    VGA_inst/VGA_controller_inst/STAT_beeld_INST/ROM_Static_img_INST/U0/inst_blk_mem_gen/gnbram.gnativebmg.native_blk_mem_gen/valid.cstr/ramloop[21].ram.r/prim_init.ram/addra[15]
    RAMB36_X2Y12         RAMB36E1                                     r  VGA_inst/VGA_controller_inst/STAT_beeld_INST/ROM_Static_img_INST/U0/inst_blk_mem_gen/gnbram.gnativebmg.native_blk_mem_gen/valid.cstr/ramloop[21].ram.r/prim_init.ram/DEVICE_7SERIES.NO_BMM_INFO.SP.CASCADED_PRIM36.ram_T/ADDRARDADDR[15]
  -------------------------------------------------------------------    -------------------

                         (clock clk_out2_clk_wiz_0 rise edge)
                                                     39.730    39.730 r  
    Y9                                                0.000    39.730 r  sys_clk (IN)
                         net (fo=0)                   0.000    39.730    clk_deler/inst/clk_in1
    Y9                   IBUF (Prop_ibuf_I_O)         0.842    40.572 r  clk_deler/inst/clkin1_ibufg/O
                         net (fo=1, routed)           1.162    41.734    clk_deler/inst/clk_in1_clk_wiz_0
    MMCME2_ADV_X0Y0      MMCME2_ADV (Prop_mmcme2_adv_CLKIN1_CLKOUT1)
                                                     -7.438    34.296 r  clk_deler/inst/mmcm_adv_inst/CLKOUT1
                         net (fo=1, routed)           1.691    35.987    clk_deler/inst/clk_out2_clk_wiz_0
    BUFGCTRL_X0Y0        BUFG (Prop_bufg_I_O)         0.091    36.078 r  clk_deler/inst/clkout2_buf/O
                         net (fo=120, routed)         1.513    37.591    VGA_inst/VGA_controller_inst/STAT_beeld_INST/ROM_Static_img_INST/U0/inst_blk_mem_gen/gnbram.gnativebmg.native_blk_mem_gen/valid.cstr/ramloop[21].ram.r/prim_init.ram/clka
    RAMB36_X2Y12         RAMB36E1                                     r  VGA_inst/VGA_controller_inst/STAT_beeld_INST/ROM_Static_img_INST/U0/inst_blk_mem_gen/gnbram.gnativebmg.native_blk_mem_gen/valid.cstr/ramloop[21].ram.r/prim_init.ram/DEVICE_7SERIES.NO_BMM_INFO.SP.CASCADED_PRIM36.ram_T/CLKARDCLK
                         clock pessimism              0.525    38.116    
                         clock uncertainty           -0.093    38.023    
    RAMB36_X2Y12         RAMB36E1 (Setup_ramb36e1_CLKARDCLK_ADDRARDADDR[15])
                                                     -0.515    37.508    VGA_inst/VGA_controller_inst/STAT_beeld_INST/ROM_Static_img_INST/U0/inst_blk_mem_gen/gnbram.gnativebmg.native_blk_mem_gen/valid.cstr/ramloop[21].ram.r/prim_init.ram/DEVICE_7SERIES.NO_BMM_INFO.SP.CASCADED_PRIM36.ram_T
  -------------------------------------------------------------------
                         required time                         37.508    
                         arrival time                          -9.316    
  -------------------------------------------------------------------
                         slack                                 28.192    

Slack (MET) :             28.339ns  (required time - arrival time)
  Source:                 VGA_inst/VGA_controller_inst/STAT_beeld_INST/s_addr0/CLK
                            (rising edge-triggered cell DSP48E1 clocked by clk_out2_clk_wiz_0  {rise@0.000ns fall@19.865ns period=39.730ns})
  Destination:            VGA_inst/VGA_controller_inst/STAT_beeld_INST/ROM_Static_img_INST/U0/inst_blk_mem_gen/gnbram.gnativebmg.native_blk_mem_gen/valid.cstr/ramloop[19].ram.r/prim_init.ram/DEVICE_7SERIES.NO_BMM_INFO.SP.CASCADED_PRIM36.ram_T/ADDRARDADDR[15]
                            (rising edge-triggered cell RAMB36E1 clocked by clk_out2_clk_wiz_0  {rise@0.000ns fall@19.865ns period=39.730ns})
  Path Group:             clk_out2_clk_wiz_0
  Path Type:              Setup (Max at Slow Process Corner)
  Requirement:            39.730ns  (clk_out2_clk_wiz_0 rise@39.730ns - clk_out2_clk_wiz_0 rise@0.000ns)
  Data Path Delay:        10.523ns  (logic 4.133ns (39.275%)  route 6.390ns (60.725%))
  Logic Levels:           1  (LUT2=1)
  Clock Path Skew:        -0.260ns (DCD - SCD + CPR)
    Destination Clock Delay (DCD):    -2.039ns = ( 37.691 - 39.730 ) 
    Source Clock Delay      (SCD):    -1.240ns
    Clock Pessimism Removal (CPR):    0.539ns
  Clock Uncertainty:      0.093ns  ((TSJ^2 + DJ^2)^1/2) / 2 + PE
    Total System Jitter     (TSJ):    0.071ns
    Discrete Jitter          (DJ):    0.172ns
    Phase Error              (PE):    0.000ns

    Location             Delay type                Incr(ns)  Path(ns)    Netlist Resource(s)
  -------------------------------------------------------------------    -------------------
                         (clock clk_out2_clk_wiz_0 rise edge)
                                                      0.000     0.000 r  
    Y9                                                0.000     0.000 r  sys_clk (IN)
                         net (fo=0)                   0.000     0.000    clk_deler/inst/clk_in1
    Y9                   IBUF (Prop_ibuf_I_O)         0.975     0.975 r  clk_deler/inst/clkin1_ibufg/O
                         net (fo=1, routed)           1.285     2.260    clk_deler/inst/clk_in1_clk_wiz_0
    MMCME2_ADV_X0Y0      MMCME2_ADV (Prop_mmcme2_adv_CLKIN1_CLKOUT1)
                                                     -7.343    -5.083 r  clk_deler/inst/mmcm_adv_inst/CLKOUT1
                         net (fo=1, routed)           1.855    -3.228    clk_deler/inst/clk_out2_clk_wiz_0
    BUFGCTRL_X0Y0        BUFG (Prop_bufg_I_O)         0.101    -3.127 r  clk_deler/inst/clkout2_buf/O
                         net (fo=120, routed)         1.887    -1.240    VGA_inst/VGA_controller_inst/STAT_beeld_INST/clk_out2
    DSP48_X3Y18          DSP48E1                                      r  VGA_inst/VGA_controller_inst/STAT_beeld_INST/s_addr0/CLK
  -------------------------------------------------------------------    -------------------
    DSP48_X3Y18          DSP48E1 (Prop_dsp48e1_CLK_P[15])
                                                      4.009     2.769 r  VGA_inst/VGA_controller_inst/STAT_beeld_INST/s_addr0/P[15]
                         net (fo=17, routed)          0.827     3.596    VGA_inst/VGA_controller_inst/STAT_beeld_INST/s_addr0_n_90
    SLICE_X94Y48         LUT2 (Prop_lut2_I0_O)        0.124     3.720 r  VGA_inst/VGA_controller_inst/STAT_beeld_INST/ROM_Static_img_INST_i_4/O
                         net (fo=36, routed)          5.563     9.283    VGA_inst/VGA_controller_inst/STAT_beeld_INST/ROM_Static_img_INST/U0/inst_blk_mem_gen/gnbram.gnativebmg.native_blk_mem_gen/valid.cstr/ramloop[19].ram.r/prim_init.ram/addra[15]
    RAMB36_X1Y9          RAMB36E1                                     r  VGA_inst/VGA_controller_inst/STAT_beeld_INST/ROM_Static_img_INST/U0/inst_blk_mem_gen/gnbram.gnativebmg.native_blk_mem_gen/valid.cstr/ramloop[19].ram.r/prim_init.ram/DEVICE_7SERIES.NO_BMM_INFO.SP.CASCADED_PRIM36.ram_T/ADDRARDADDR[15]
  -------------------------------------------------------------------    -------------------

                         (clock clk_out2_clk_wiz_0 rise edge)
                                                     39.730    39.730 r  
    Y9                                                0.000    39.730 r  sys_clk (IN)
                         net (fo=0)                   0.000    39.730    clk_deler/inst/clk_in1
    Y9                   IBUF (Prop_ibuf_I_O)         0.842    40.572 r  clk_deler/inst/clkin1_ibufg/O
                         net (fo=1, routed)           1.162    41.734    clk_deler/inst/clk_in1_clk_wiz_0
    MMCME2_ADV_X0Y0      MMCME2_ADV (Prop_mmcme2_adv_CLKIN1_CLKOUT1)
                                                     -7.438    34.296 r  clk_deler/inst/mmcm_adv_inst/CLKOUT1
                         net (fo=1, routed)           1.691    35.987    clk_deler/inst/clk_out2_clk_wiz_0
    BUFGCTRL_X0Y0        BUFG (Prop_bufg_I_O)         0.091    36.078 r  clk_deler/inst/clkout2_buf/O
                         net (fo=120, routed)         1.613    37.691    VGA_inst/VGA_controller_inst/STAT_beeld_INST/ROM_Static_img_INST/U0/inst_blk_mem_gen/gnbram.gnativebmg.native_blk_mem_gen/valid.cstr/ramloop[19].ram.r/prim_init.ram/clka
    RAMB36_X1Y9          RAMB36E1                                     r  VGA_inst/VGA_controller_inst/STAT_beeld_INST/ROM_Static_img_INST/U0/inst_blk_mem_gen/gnbram.gnativebmg.native_blk_mem_gen/valid.cstr/ramloop[19].ram.r/prim_init.ram/DEVICE_7SERIES.NO_BMM_INFO.SP.CASCADED_PRIM36.ram_T/CLKARDCLK
                         clock pessimism              0.539    38.230    
                         clock uncertainty           -0.093    38.137    
    RAMB36_X1Y9          RAMB36E1 (Setup_ramb36e1_CLKARDCLK_ADDRARDADDR[15])
                                                     -0.515    37.622    VGA_inst/VGA_controller_inst/STAT_beeld_INST/ROM_Static_img_INST/U0/inst_blk_mem_gen/gnbram.gnativebmg.native_blk_mem_gen/valid.cstr/ramloop[19].ram.r/prim_init.ram/DEVICE_7SERIES.NO_BMM_INFO.SP.CASCADED_PRIM36.ram_T
  -------------------------------------------------------------------
                         required time                         37.622    
                         arrival time                          -9.283    
  -------------------------------------------------------------------
                         slack                                 28.339    

Slack (MET) :             28.346ns  (required time - arrival time)
  Source:                 VGA_inst/VGA_controller_inst/STAT_beeld_INST/s_addr0/CLK
                            (rising edge-triggered cell DSP48E1 clocked by clk_out2_clk_wiz_0  {rise@0.000ns fall@19.865ns period=39.730ns})
  Destination:            VGA_inst/VGA_controller_inst/STAT_beeld_INST/ROM_Static_img_INST/U0/inst_blk_mem_gen/gnbram.gnativebmg.native_blk_mem_gen/valid.cstr/ramloop[1].ram.r/prim_init.ram/DEVICE_7SERIES.NO_BMM_INFO.SP.CASCADED_PRIM36.ram_B/ENARDEN
                            (rising edge-triggered cell RAMB36E1 clocked by clk_out2_clk_wiz_0  {rise@0.000ns fall@19.865ns period=39.730ns})
  Path Group:             clk_out2_clk_wiz_0
  Path Type:              Setup (Max at Slow Process Corner)
  Requirement:            39.730ns  (clk_out2_clk_wiz_0 rise@39.730ns - clk_out2_clk_wiz_0 rise@0.000ns)
  Data Path Delay:        10.498ns  (logic 4.521ns (43.066%)  route 5.977ns (56.934%))
  Logic Levels:           2  (LUT2=1 LUT6=1)
  Clock Path Skew:        -0.350ns (DCD - SCD + CPR)
    Destination Clock Delay (DCD):    -2.129ns = ( 37.601 - 39.730 ) 
    Source Clock Delay      (SCD):    -1.240ns
    Clock Pessimism Removal (CPR):    0.539ns
  Clock Uncertainty:      0.093ns  ((TSJ^2 + DJ^2)^1/2) / 2 + PE
    Total System Jitter     (TSJ):    0.071ns
    Discrete Jitter          (DJ):    0.172ns
    Phase Error              (PE):    0.000ns

    Location             Delay type                Incr(ns)  Path(ns)    Netlist Resource(s)
  -------------------------------------------------------------------    -------------------
                         (clock clk_out2_clk_wiz_0 rise edge)
                                                      0.000     0.000 r  
    Y9                                                0.000     0.000 r  sys_clk (IN)
                         net (fo=0)                   0.000     0.000    clk_deler/inst/clk_in1
    Y9                   IBUF (Prop_ibuf_I_O)         0.975     0.975 r  clk_deler/inst/clkin1_ibufg/O
                         net (fo=1, routed)           1.285     2.260    clk_deler/inst/clk_in1_clk_wiz_0
    MMCME2_ADV_X0Y0      MMCME2_ADV (Prop_mmcme2_adv_CLKIN1_CLKOUT1)
                                                     -7.343    -5.083 r  clk_deler/inst/mmcm_adv_inst/CLKOUT1
                         net (fo=1, routed)           1.855    -3.228    clk_deler/inst/clk_out2_clk_wiz_0
    BUFGCTRL_X0Y0        BUFG (Prop_bufg_I_O)         0.101    -3.127 r  clk_deler/inst/clkout2_buf/O
                         net (fo=120, routed)         1.887    -1.240    VGA_inst/VGA_controller_inst/STAT_beeld_INST/clk_out2
    DSP48_X3Y18          DSP48E1                                      r  VGA_inst/VGA_controller_inst/STAT_beeld_INST/s_addr0/CLK
  -------------------------------------------------------------------    -------------------
    DSP48_X3Y18          DSP48E1 (Prop_dsp48e1_CLK_P[18])
                                                      4.009     2.769 f  VGA_inst/VGA_controller_inst/STAT_beeld_INST/s_addr0/P[18]
                         net (fo=1, routed)           1.034     3.803    VGA_inst/VGA_controller_inst/STAT_beeld_INST/s_addr0_n_87
    SLICE_X94Y48         LUT2 (Prop_lut2_I0_O)        0.157     3.960 f  VGA_inst/VGA_controller_inst/STAT_beeld_INST/ROM_Static_img_INST_i_1/O
                         net (fo=24, routed)          3.662     7.622    VGA_inst/VGA_controller_inst/STAT_beeld_INST/ROM_Static_img_INST/U0/inst_blk_mem_gen/gnbram.gnativebmg.native_blk_mem_gen/valid.cstr/ramloop[1].ram.r/prim_init.ram/pwropt_3
    SLICE_X50Y43         LUT6 (Prop_lut6_I2_O)        0.355     7.977 r  VGA_inst/VGA_controller_inst/STAT_beeld_INST/ROM_Static_img_INST/U0/inst_blk_mem_gen/gnbram.gnativebmg.native_blk_mem_gen/valid.cstr/ramloop[1].ram.r/prim_init.ram/DEVICE_7SERIES.NO_BMM_INFO.SP.CASCADED_PRIM36.ram_B_ENARDEN_cooolgate_en_gate_24_LOPT_REMAP/O
                         net (fo=1, routed)           1.281     9.258    VGA_inst/VGA_controller_inst/STAT_beeld_INST/ROM_Static_img_INST/U0/inst_blk_mem_gen/gnbram.gnativebmg.native_blk_mem_gen/valid.cstr/ramloop[1].ram.r/prim_init.ram/DEVICE_7SERIES.NO_BMM_INFO.SP.CASCADED_PRIM36.ram_B_ENARDEN_cooolgate_en_sig_14
    RAMB36_X2Y6          RAMB36E1                                     r  VGA_inst/VGA_controller_inst/STAT_beeld_INST/ROM_Static_img_INST/U0/inst_blk_mem_gen/gnbram.gnativebmg.native_blk_mem_gen/valid.cstr/ramloop[1].ram.r/prim_init.ram/DEVICE_7SERIES.NO_BMM_INFO.SP.CASCADED_PRIM36.ram_B/ENARDEN
  -------------------------------------------------------------------    -------------------

                         (clock clk_out2_clk_wiz_0 rise edge)
                                                     39.730    39.730 r  
    Y9                                                0.000    39.730 r  sys_clk (IN)
                         net (fo=0)                   0.000    39.730    clk_deler/inst/clk_in1
    Y9                   IBUF (Prop_ibuf_I_O)         0.842    40.572 r  clk_deler/inst/clkin1_ibufg/O
                         net (fo=1, routed)           1.162    41.734    clk_deler/inst/clk_in1_clk_wiz_0
    MMCME2_ADV_X0Y0      MMCME2_ADV (Prop_mmcme2_adv_CLKIN1_CLKOUT1)
                                                     -7.438    34.296 r  clk_deler/inst/mmcm_adv_inst/CLKOUT1
                         net (fo=1, routed)           1.691    35.987    clk_deler/inst/clk_out2_clk_wiz_0
    BUFGCTRL_X0Y0        BUFG (Prop_bufg_I_O)         0.091    36.078 r  clk_deler/inst/clkout2_buf/O
                         net (fo=120, routed)         1.523    37.601    VGA_inst/VGA_controller_inst/STAT_beeld_INST/ROM_Static_img_INST/U0/inst_blk_mem_gen/gnbram.gnativebmg.native_blk_mem_gen/valid.cstr/ramloop[1].ram.r/prim_init.ram/clka
    RAMB36_X2Y6          RAMB36E1                                     r  VGA_inst/VGA_controller_inst/STAT_beeld_INST/ROM_Static_img_INST/U0/inst_blk_mem_gen/gnbram.gnativebmg.native_blk_mem_gen/valid.cstr/ramloop[1].ram.r/prim_init.ram/DEVICE_7SERIES.NO_BMM_INFO.SP.CASCADED_PRIM36.ram_B/CLKARDCLK
                         clock pessimism              0.539    38.140    
                         clock uncertainty           -0.093    38.047    
    RAMB36_X2Y6          RAMB36E1 (Setup_ramb36e1_CLKARDCLK_ENARDEN)
                                                     -0.443    37.604    VGA_inst/VGA_controller_inst/STAT_beeld_INST/ROM_Static_img_INST/U0/inst_blk_mem_gen/gnbram.gnativebmg.native_blk_mem_gen/valid.cstr/ramloop[1].ram.r/prim_init.ram/DEVICE_7SERIES.NO_BMM_INFO.SP.CASCADED_PRIM36.ram_B
  -------------------------------------------------------------------
                         required time                         37.604    
                         arrival time                          -9.258    
  -------------------------------------------------------------------
                         slack                                 28.346    

Slack (MET) :             28.391ns  (required time - arrival time)
  Source:                 VGA_inst/VGA_controller_inst/STAT_beeld_INST/s_addr0/CLK
                            (rising edge-triggered cell DSP48E1 clocked by clk_out2_clk_wiz_0  {rise@0.000ns fall@19.865ns period=39.730ns})
  Destination:            VGA_inst/VGA_controller_inst/STAT_beeld_INST/ROM_Static_img_INST/U0/inst_blk_mem_gen/gnbram.gnativebmg.native_blk_mem_gen/valid.cstr/ramloop[21].ram.r/prim_init.ram/DEVICE_7SERIES.NO_BMM_INFO.SP.CASCADED_PRIM36.ram_B/ADDRARDADDR[15]
                            (rising edge-triggered cell RAMB36E1 clocked by clk_out2_clk_wiz_0  {rise@0.000ns fall@19.865ns period=39.730ns})
  Path Group:             clk_out2_clk_wiz_0
  Path Type:              Setup (Max at Slow Process Corner)
  Requirement:            39.730ns  (clk_out2_clk_wiz_0 rise@39.730ns - clk_out2_clk_wiz_0 rise@0.000ns)
  Data Path Delay:        10.360ns  (logic 4.133ns (39.893%)  route 6.227ns (60.107%))
  Logic Levels:           1  (LUT2=1)
  Clock Path Skew:        -0.371ns (DCD - SCD + CPR)
    Destination Clock Delay (DCD):    -2.136ns = ( 37.594 - 39.730 ) 
    Source Clock Delay      (SCD):    -1.240ns
    Clock Pessimism Removal (CPR):    0.525ns
  Clock Uncertainty:      0.093ns  ((TSJ^2 + DJ^2)^1/2) / 2 + PE
    Total System Jitter     (TSJ):    0.071ns
    Discrete Jitter          (DJ):    0.172ns
    Phase Error              (PE):    0.000ns

    Location             Delay type                Incr(ns)  Path(ns)    Netlist Resource(s)
  -------------------------------------------------------------------    -------------------
                         (clock clk_out2_clk_wiz_0 rise edge)
                                                      0.000     0.000 r  
    Y9                                                0.000     0.000 r  sys_clk (IN)
                         net (fo=0)                   0.000     0.000    clk_deler/inst/clk_in1
    Y9                   IBUF (Prop_ibuf_I_O)         0.975     0.975 r  clk_deler/inst/clkin1_ibufg/O
                         net (fo=1, routed)           1.285     2.260    clk_deler/inst/clk_in1_clk_wiz_0
    MMCME2_ADV_X0Y0      MMCME2_ADV (Prop_mmcme2_adv_CLKIN1_CLKOUT1)
                                                     -7.343    -5.083 r  clk_deler/inst/mmcm_adv_inst/CLKOUT1
                         net (fo=1, routed)           1.855    -3.228    clk_deler/inst/clk_out2_clk_wiz_0
    BUFGCTRL_X0Y0        BUFG (Prop_bufg_I_O)         0.101    -3.127 r  clk_deler/inst/clkout2_buf/O
                         net (fo=120, routed)         1.887    -1.240    VGA_inst/VGA_controller_inst/STAT_beeld_INST/clk_out2
    DSP48_X3Y18          DSP48E1                                      r  VGA_inst/VGA_controller_inst/STAT_beeld_INST/s_addr0/CLK
  -------------------------------------------------------------------    -------------------
    DSP48_X3Y18          DSP48E1 (Prop_dsp48e1_CLK_P[15])
                                                      4.009     2.769 r  VGA_inst/VGA_controller_inst/STAT_beeld_INST/s_addr0/P[15]
                         net (fo=17, routed)          0.827     3.596    VGA_inst/VGA_controller_inst/STAT_beeld_INST/s_addr0_n_90
    SLICE_X94Y48         LUT2 (Prop_lut2_I0_O)        0.124     3.720 r  VGA_inst/VGA_controller_inst/STAT_beeld_INST/ROM_Static_img_INST_i_4/O
                         net (fo=36, routed)          5.400     9.120    VGA_inst/VGA_controller_inst/STAT_beeld_INST/ROM_Static_img_INST/U0/inst_blk_mem_gen/gnbram.gnativebmg.native_blk_mem_gen/valid.cstr/ramloop[21].ram.r/prim_init.ram/addra[15]
    RAMB36_X2Y11         RAMB36E1                                     r  VGA_inst/VGA_controller_inst/STAT_beeld_INST/ROM_Static_img_INST/U0/inst_blk_mem_gen/gnbram.gnativebmg.native_blk_mem_gen/valid.cstr/ramloop[21].ram.r/prim_init.ram/DEVICE_7SERIES.NO_BMM_INFO.SP.CASCADED_PRIM36.ram_B/ADDRARDADDR[15]
  -------------------------------------------------------------------    -------------------

                         (clock clk_out2_clk_wiz_0 rise edge)
                                                     39.730    39.730 r  
    Y9                                                0.000    39.730 r  sys_clk (IN)
                         net (fo=0)                   0.000    39.730    clk_deler/inst/clk_in1
    Y9                   IBUF (Prop_ibuf_I_O)         0.842    40.572 r  clk_deler/inst/clkin1_ibufg/O
                         net (fo=1, routed)           1.162    41.734    clk_deler/inst/clk_in1_clk_wiz_0
    MMCME2_ADV_X0Y0      MMCME2_ADV (Prop_mmcme2_adv_CLKIN1_CLKOUT1)
                                                     -7.438    34.296 r  clk_deler/inst/mmcm_adv_inst/CLKOUT1
                         net (fo=1, routed)           1.691    35.987    clk_deler/inst/clk_out2_clk_wiz_0
    BUFGCTRL_X0Y0        BUFG (Prop_bufg_I_O)         0.091    36.078 r  clk_deler/inst/clkout2_buf/O
                         net (fo=120, routed)         1.516    37.594    VGA_inst/VGA_controller_inst/STAT_beeld_INST/ROM_Static_img_INST/U0/inst_blk_mem_gen/gnbram.gnativebmg.native_blk_mem_gen/valid.cstr/ramloop[21].ram.r/prim_init.ram/clka
    RAMB36_X2Y11         RAMB36E1                                     r  VGA_inst/VGA_controller_inst/STAT_beeld_INST/ROM_Static_img_INST/U0/inst_blk_mem_gen/gnbram.gnativebmg.native_blk_mem_gen/valid.cstr/ramloop[21].ram.r/prim_init.ram/DEVICE_7SERIES.NO_BMM_INFO.SP.CASCADED_PRIM36.ram_B/CLKARDCLK
                         clock pessimism              0.525    38.119    
                         clock uncertainty           -0.093    38.026    
    RAMB36_X2Y11         RAMB36E1 (Setup_ramb36e1_CLKARDCLK_ADDRARDADDR[15])
                                                     -0.515    37.511    VGA_inst/VGA_controller_inst/STAT_beeld_INST/ROM_Static_img_INST/U0/inst_blk_mem_gen/gnbram.gnativebmg.native_blk_mem_gen/valid.cstr/ramloop[21].ram.r/prim_init.ram/DEVICE_7SERIES.NO_BMM_INFO.SP.CASCADED_PRIM36.ram_B
  -------------------------------------------------------------------
                         required time                         37.511    
                         arrival time                          -9.120    
  -------------------------------------------------------------------
                         slack                                 28.391    

Slack (MET) :             28.609ns  (required time - arrival time)
  Source:                 VGA_inst/VGA_controller_inst/STAT_beeld_INST/s_addr0/CLK
                            (rising edge-triggered cell DSP48E1 clocked by clk_out2_clk_wiz_0  {rise@0.000ns fall@19.865ns period=39.730ns})
  Destination:            VGA_inst/VGA_controller_inst/STAT_beeld_INST/ROM_Static_img_INST/U0/inst_blk_mem_gen/gnbram.gnativebmg.native_blk_mem_gen/valid.cstr/ramloop[1].ram.r/prim_init.ram/DEVICE_7SERIES.NO_BMM_INFO.SP.CASCADED_PRIM36.ram_T/ENARDEN
                            (rising edge-triggered cell RAMB36E1 clocked by clk_out2_clk_wiz_0  {rise@0.000ns fall@19.865ns period=39.730ns})
  Path Group:             clk_out2_clk_wiz_0
  Path Type:              Setup (Max at Slow Process Corner)
  Requirement:            39.730ns  (clk_out2_clk_wiz_0 rise@39.730ns - clk_out2_clk_wiz_0 rise@0.000ns)
  Data Path Delay:        10.240ns  (logic 4.521ns (44.152%)  route 5.719ns (55.848%))
  Logic Levels:           2  (LUT2=1 LUT3=1)
  Clock Path Skew:        -0.346ns (DCD - SCD + CPR)
    Destination Clock Delay (DCD):    -2.125ns = ( 37.605 - 39.730 ) 
    Source Clock Delay      (SCD):    -1.240ns
    Clock Pessimism Removal (CPR):    0.539ns
  Clock Uncertainty:      0.093ns  ((TSJ^2 + DJ^2)^1/2) / 2 + PE
    Total System Jitter     (TSJ):    0.071ns
    Discrete Jitter          (DJ):    0.172ns
    Phase Error              (PE):    0.000ns

    Location             Delay type                Incr(ns)  Path(ns)    Netlist Resource(s)
  -------------------------------------------------------------------    -------------------
                         (clock clk_out2_clk_wiz_0 rise edge)
                                                      0.000     0.000 r  
    Y9                                                0.000     0.000 r  sys_clk (IN)
                         net (fo=0)                   0.000     0.000    clk_deler/inst/clk_in1
    Y9                   IBUF (Prop_ibuf_I_O)         0.975     0.975 r  clk_deler/inst/clkin1_ibufg/O
                         net (fo=1, routed)           1.285     2.260    clk_deler/inst/clk_in1_clk_wiz_0
    MMCME2_ADV_X0Y0      MMCME2_ADV (Prop_mmcme2_adv_CLKIN1_CLKOUT1)
                                                     -7.343    -5.083 r  clk_deler/inst/mmcm_adv_inst/CLKOUT1
                         net (fo=1, routed)           1.855    -3.228    clk_deler/inst/clk_out2_clk_wiz_0
    BUFGCTRL_X0Y0        BUFG (Prop_bufg_I_O)         0.101    -3.127 r  clk_deler/inst/clkout2_buf/O
                         net (fo=120, routed)         1.887    -1.240    VGA_inst/VGA_controller_inst/STAT_beeld_INST/clk_out2
    DSP48_X3Y18          DSP48E1                                      r  VGA_inst/VGA_controller_inst/STAT_beeld_INST/s_addr0/CLK
  -------------------------------------------------------------------    -------------------
    DSP48_X3Y18          DSP48E1 (Prop_dsp48e1_CLK_P[18])
                                                      4.009     2.769 f  VGA_inst/VGA_controller_inst/STAT_beeld_INST/s_addr0/P[18]
                         net (fo=1, routed)           1.034     3.803    VGA_inst/VGA_controller_inst/STAT_beeld_INST/s_addr0_n_87
    SLICE_X94Y48         LUT2 (Prop_lut2_I0_O)        0.157     3.960 f  VGA_inst/VGA_controller_inst/STAT_beeld_INST/ROM_Static_img_INST_i_1/O
                         net (fo=24, routed)          3.518     7.478    VGA_inst/VGA_controller_inst/STAT_beeld_INST/ROM_Static_img_INST/U0/inst_blk_mem_gen/gnbram.gnativebmg.native_blk_mem_gen/valid.cstr/ramloop[13].ram.r/prim_init.ram/addra[18]
    SLICE_X50Y43         LUT3 (Prop_lut3_I0_O)        0.355     7.833 r  VGA_inst/VGA_controller_inst/STAT_beeld_INST/ROM_Static_img_INST/U0/inst_blk_mem_gen/gnbram.gnativebmg.native_blk_mem_gen/valid.cstr/ramloop[13].ram.r/prim_init.ram/DEVICE_7SERIES.NO_BMM_INFO.SP.CASCADED_PRIM36.ram_T_i_1__1/O
                         net (fo=5, routed)           1.166     9.000    VGA_inst/VGA_controller_inst/STAT_beeld_INST/ROM_Static_img_INST/U0/inst_blk_mem_gen/gnbram.gnativebmg.native_blk_mem_gen/valid.cstr/ramloop[1].ram.r/prim_init.ram/ENA
    RAMB36_X2Y7          RAMB36E1                                     r  VGA_inst/VGA_controller_inst/STAT_beeld_INST/ROM_Static_img_INST/U0/inst_blk_mem_gen/gnbram.gnativebmg.native_blk_mem_gen/valid.cstr/ramloop[1].ram.r/prim_init.ram/DEVICE_7SERIES.NO_BMM_INFO.SP.CASCADED_PRIM36.ram_T/ENARDEN
  -------------------------------------------------------------------    -------------------

                         (clock clk_out2_clk_wiz_0 rise edge)
                                                     39.730    39.730 r  
    Y9                                                0.000    39.730 r  sys_clk (IN)
                         net (fo=0)                   0.000    39.730    clk_deler/inst/clk_in1
    Y9                   IBUF (Prop_ibuf_I_O)         0.842    40.572 r  clk_deler/inst/clkin1_ibufg/O
                         net (fo=1, routed)           1.162    41.734    clk_deler/inst/clk_in1_clk_wiz_0
    MMCME2_ADV_X0Y0      MMCME2_ADV (Prop_mmcme2_adv_CLKIN1_CLKOUT1)
                                                     -7.438    34.296 r  clk_deler/inst/mmcm_adv_inst/CLKOUT1
                         net (fo=1, routed)           1.691    35.987    clk_deler/inst/clk_out2_clk_wiz_0
    BUFGCTRL_X0Y0        BUFG (Prop_bufg_I_O)         0.091    36.078 r  clk_deler/inst/clkout2_buf/O
                         net (fo=120, routed)         1.527    37.605    VGA_inst/VGA_controller_inst/STAT_beeld_INST/ROM_Static_img_INST/U0/inst_blk_mem_gen/gnbram.gnativebmg.native_blk_mem_gen/valid.cstr/ramloop[1].ram.r/prim_init.ram/clka
    RAMB36_X2Y7          RAMB36E1                                     r  VGA_inst/VGA_controller_inst/STAT_beeld_INST/ROM_Static_img_INST/U0/inst_blk_mem_gen/gnbram.gnativebmg.native_blk_mem_gen/valid.cstr/ramloop[1].ram.r/prim_init.ram/DEVICE_7SERIES.NO_BMM_INFO.SP.CASCADED_PRIM36.ram_T/CLKARDCLK
                         clock pessimism              0.539    38.144    
                         clock uncertainty           -0.093    38.051    
    RAMB36_X2Y7          RAMB36E1 (Setup_ramb36e1_CLKARDCLK_ENARDEN)
                                                     -0.443    37.608    VGA_inst/VGA_controller_inst/STAT_beeld_INST/ROM_Static_img_INST/U0/inst_blk_mem_gen/gnbram.gnativebmg.native_blk_mem_gen/valid.cstr/ramloop[1].ram.r/prim_init.ram/DEVICE_7SERIES.NO_BMM_INFO.SP.CASCADED_PRIM36.ram_T
  -------------------------------------------------------------------
                         required time                         37.608    
                         arrival time                          -9.000    
  -------------------------------------------------------------------
                         slack                                 28.609    

Slack (MET) :             28.657ns  (required time - arrival time)
  Source:                 VGA_inst/VGA_controller_inst/STAT_beeld_INST/s_addr0/CLK
                            (rising edge-triggered cell DSP48E1 clocked by clk_out2_clk_wiz_0  {rise@0.000ns fall@19.865ns period=39.730ns})
  Destination:            VGA_inst/VGA_controller_inst/STAT_beeld_INST/ROM_Static_img_INST/U0/inst_blk_mem_gen/gnbram.gnativebmg.native_blk_mem_gen/valid.cstr/ramloop[10].ram.r/prim_init.ram/DEVICE_7SERIES.NO_BMM_INFO.SP.CASCADED_PRIM36.ram_T/ENARDEN
                            (rising edge-triggered cell RAMB36E1 clocked by clk_out2_clk_wiz_0  {rise@0.000ns fall@19.865ns period=39.730ns})
  Path Group:             clk_out2_clk_wiz_0
  Path Type:              Setup (Max at Slow Process Corner)
  Requirement:            39.730ns  (clk_out2_clk_wiz_0 rise@39.730ns - clk_out2_clk_wiz_0 rise@0.000ns)
  Data Path Delay:        10.168ns  (logic 4.521ns (44.462%)  route 5.647ns (55.538%))
  Logic Levels:           2  (LUT2=1 LUT3=1)
  Clock Path Skew:        -0.369ns (DCD - SCD + CPR)
    Destination Clock Delay (DCD):    -2.134ns = ( 37.596 - 39.730 ) 
    Source Clock Delay      (SCD):    -1.240ns
    Clock Pessimism Removal (CPR):    0.525ns
  Clock Uncertainty:      0.093ns  ((TSJ^2 + DJ^2)^1/2) / 2 + PE
    Total System Jitter     (TSJ):    0.071ns
    Discrete Jitter          (DJ):    0.172ns
    Phase Error              (PE):    0.000ns

    Location             Delay type                Incr(ns)  Path(ns)    Netlist Resource(s)
  -------------------------------------------------------------------    -------------------
                         (clock clk_out2_clk_wiz_0 rise edge)
                                                      0.000     0.000 r  
    Y9                                                0.000     0.000 r  sys_clk (IN)
                         net (fo=0)                   0.000     0.000    clk_deler/inst/clk_in1
    Y9                   IBUF (Prop_ibuf_I_O)         0.975     0.975 r  clk_deler/inst/clkin1_ibufg/O
                         net (fo=1, routed)           1.285     2.260    clk_deler/inst/clk_in1_clk_wiz_0
    MMCME2_ADV_X0Y0      MMCME2_ADV (Prop_mmcme2_adv_CLKIN1_CLKOUT1)
                                                     -7.343    -5.083 r  clk_deler/inst/mmcm_adv_inst/CLKOUT1
                         net (fo=1, routed)           1.855    -3.228    clk_deler/inst/clk_out2_clk_wiz_0
    BUFGCTRL_X0Y0        BUFG (Prop_bufg_I_O)         0.101    -3.127 r  clk_deler/inst/clkout2_buf/O
                         net (fo=120, routed)         1.887    -1.240    VGA_inst/VGA_controller_inst/STAT_beeld_INST/clk_out2
    DSP48_X3Y18          DSP48E1                                      r  VGA_inst/VGA_controller_inst/STAT_beeld_INST/s_addr0/CLK
  -------------------------------------------------------------------    -------------------
    DSP48_X3Y18          DSP48E1 (Prop_dsp48e1_CLK_P[18])
                                                      4.009     2.769 f  VGA_inst/VGA_controller_inst/STAT_beeld_INST/s_addr0/P[18]
                         net (fo=1, routed)           1.034     3.803    VGA_inst/VGA_controller_inst/STAT_beeld_INST/s_addr0_n_87
    SLICE_X94Y48         LUT2 (Prop_lut2_I0_O)        0.157     3.960 f  VGA_inst/VGA_controller_inst/STAT_beeld_INST/ROM_Static_img_INST_i_1/O
                         net (fo=24, routed)          3.271     7.232    VGA_inst/VGA_controller_inst/STAT_beeld_INST/ROM_Static_img_INST/U0/inst_blk_mem_gen/gnbram.gnativebmg.native_blk_mem_gen/valid.cstr/ramloop[15].ram.r/prim_init.ram/addra[18]
    SLICE_X54Y48         LUT3 (Prop_lut3_I0_O)        0.355     7.587 r  VGA_inst/VGA_controller_inst/STAT_beeld_INST/ROM_Static_img_INST/U0/inst_blk_mem_gen/gnbram.gnativebmg.native_blk_mem_gen/valid.cstr/ramloop[15].ram.r/prim_init.ram/DEVICE_7SERIES.NO_BMM_INFO.SP.CASCADED_PRIM36.ram_T_i_1__0/O
                         net (fo=5, routed)           1.341     8.928    VGA_inst/VGA_controller_inst/STAT_beeld_INST/ROM_Static_img_INST/U0/inst_blk_mem_gen/gnbram.gnativebmg.native_blk_mem_gen/valid.cstr/ramloop[10].ram.r/prim_init.ram/ENA
    RAMB36_X2Y10         RAMB36E1                                     r  VGA_inst/VGA_controller_inst/STAT_beeld_INST/ROM_Static_img_INST/U0/inst_blk_mem_gen/gnbram.gnativebmg.native_blk_mem_gen/valid.cstr/ramloop[10].ram.r/prim_init.ram/DEVICE_7SERIES.NO_BMM_INFO.SP.CASCADED_PRIM36.ram_T/ENARDEN
  -------------------------------------------------------------------    -------------------

                         (clock clk_out2_clk_wiz_0 rise edge)
                                                     39.730    39.730 r  
    Y9                                                0.000    39.730 r  sys_clk (IN)
                         net (fo=0)                   0.000    39.730    clk_deler/inst/clk_in1
    Y9                   IBUF (Prop_ibuf_I_O)         0.842    40.572 r  clk_deler/inst/clkin1_ibufg/O
                         net (fo=1, routed)           1.162    41.734    clk_deler/inst/clk_in1_clk_wiz_0
    MMCME2_ADV_X0Y0      MMCME2_ADV (Prop_mmcme2_adv_CLKIN1_CLKOUT1)
                                                     -7.438    34.296 r  clk_deler/inst/mmcm_adv_inst/CLKOUT1
                         net (fo=1, routed)           1.691    35.987    clk_deler/inst/clk_out2_clk_wiz_0
    BUFGCTRL_X0Y0        BUFG (Prop_bufg_I_O)         0.091    36.078 r  clk_deler/inst/clkout2_buf/O
                         net (fo=120, routed)         1.518    37.596    VGA_inst/VGA_controller_inst/STAT_beeld_INST/ROM_Static_img_INST/U0/inst_blk_mem_gen/gnbram.gnativebmg.native_blk_mem_gen/valid.cstr/ramloop[10].ram.r/prim_init.ram/clka
    RAMB36_X2Y10         RAMB36E1                                     r  VGA_inst/VGA_controller_inst/STAT_beeld_INST/ROM_Static_img_INST/U0/inst_blk_mem_gen/gnbram.gnativebmg.native_blk_mem_gen/valid.cstr/ramloop[10].ram.r/prim_init.ram/DEVICE_7SERIES.NO_BMM_INFO.SP.CASCADED_PRIM36.ram_T/CLKARDCLK
                         clock pessimism              0.525    38.121    
                         clock uncertainty           -0.093    38.028    
    RAMB36_X2Y10         RAMB36E1 (Setup_ramb36e1_CLKARDCLK_ENARDEN)
                                                     -0.443    37.585    VGA_inst/VGA_controller_inst/STAT_beeld_INST/ROM_Static_img_INST/U0/inst_blk_mem_gen/gnbram.gnativebmg.native_blk_mem_gen/valid.cstr/ramloop[10].ram.r/prim_init.ram/DEVICE_7SERIES.NO_BMM_INFO.SP.CASCADED_PRIM36.ram_T
  -------------------------------------------------------------------
                         required time                         37.585    
                         arrival time                          -8.928    
  -------------------------------------------------------------------
                         slack                                 28.657    





Min Delay Paths
--------------------------------------------------------------------------------------
Slack (MET) :             0.178ns  (arrival time - required time)
  Source:                 VGA_inst/VGA_controller_inst/STAT_beeld_INST/ROM_Static_img_INST/U0/inst_blk_mem_gen/gnbram.gnativebmg.native_blk_mem_gen/valid.cstr/has_mux_a.A/no_softecc_sel_reg.ce_pri.sel_pipe_reg[5]/C
                            (rising edge-triggered cell FDRE clocked by clk_out2_clk_wiz_0  {rise@0.000ns fall@19.865ns period=39.730ns})
  Destination:            VGA_inst/VGA_controller_inst/STAT_beeld_INST/ROM_Static_img_INST/U0/inst_blk_mem_gen/gnbram.gnativebmg.native_blk_mem_gen/valid.cstr/has_mux_a.A/no_softecc_norm_sel2.has_mem_regs.WITHOUT_ECC_PIPE.ce_pri.sel_pipe_d1_reg[5]/D
                            (rising edge-triggered cell FDRE clocked by clk_out2_clk_wiz_0  {rise@0.000ns fall@19.865ns period=39.730ns})
  Path Group:             clk_out2_clk_wiz_0
  Path Type:              Hold (Min at Fast Process Corner)
  Requirement:            0.000ns  (clk_out2_clk_wiz_0 rise@0.000ns - clk_out2_clk_wiz_0 rise@0.000ns)
  Data Path Delay:        0.257ns  (logic 0.141ns (54.828%)  route 0.116ns (45.172%))
  Logic Levels:           0  
  Clock Path Skew:        0.013ns (DCD - SCD - CPR)
    Destination Clock Delay (DCD):    -0.881ns
    Source Clock Delay      (SCD):    -0.644ns
    Clock Pessimism Removal (CPR):    -0.250ns

    Location             Delay type                Incr(ns)  Path(ns)    Netlist Resource(s)
  -------------------------------------------------------------------    -------------------
                         (clock clk_out2_clk_wiz_0 rise edge)
                                                      0.000     0.000 r  
    Y9                                                0.000     0.000 r  sys_clk (IN)
                         net (fo=0)                   0.000     0.000    clk_deler/inst/clk_in1
    Y9                   IBUF (Prop_ibuf_I_O)         0.204     0.204 r  clk_deler/inst/clkin1_ibufg/O
                         net (fo=1, routed)           0.440     0.644    clk_deler/inst/clk_in1_clk_wiz_0
    MMCME2_ADV_X0Y0      MMCME2_ADV (Prop_mmcme2_adv_CLKIN1_CLKOUT1)
                                                     -2.421    -1.776 r  clk_deler/inst/mmcm_adv_inst/CLKOUT1
                         net (fo=1, routed)           0.518    -1.258    clk_deler/inst/clk_out2_clk_wiz_0
    BUFGCTRL_X0Y0        BUFG (Prop_bufg_I_O)         0.026    -1.232 r  clk_deler/inst/clkout2_buf/O
                         net (fo=120, routed)         0.589    -0.644    VGA_inst/VGA_controller_inst/STAT_beeld_INST/ROM_Static_img_INST/U0/inst_blk_mem_gen/gnbram.gnativebmg.native_blk_mem_gen/valid.cstr/has_mux_a.A/clka
    SLICE_X89Y48         FDRE                                         r  VGA_inst/VGA_controller_inst/STAT_beeld_INST/ROM_Static_img_INST/U0/inst_blk_mem_gen/gnbram.gnativebmg.native_blk_mem_gen/valid.cstr/has_mux_a.A/no_softecc_sel_reg.ce_pri.sel_pipe_reg[5]/C
  -------------------------------------------------------------------    -------------------
    SLICE_X89Y48         FDRE (Prop_fdre_C_Q)         0.141    -0.503 r  VGA_inst/VGA_controller_inst/STAT_beeld_INST/ROM_Static_img_INST/U0/inst_blk_mem_gen/gnbram.gnativebmg.native_blk_mem_gen/valid.cstr/has_mux_a.A/no_softecc_sel_reg.ce_pri.sel_pipe_reg[5]/Q
                         net (fo=1, routed)           0.116    -0.386    VGA_inst/VGA_controller_inst/STAT_beeld_INST/ROM_Static_img_INST/U0/inst_blk_mem_gen/gnbram.gnativebmg.native_blk_mem_gen/valid.cstr/has_mux_a.A/sel_pipe[5]
    SLICE_X88Y48         FDRE                                         r  VGA_inst/VGA_controller_inst/STAT_beeld_INST/ROM_Static_img_INST/U0/inst_blk_mem_gen/gnbram.gnativebmg.native_blk_mem_gen/valid.cstr/has_mux_a.A/no_softecc_norm_sel2.has_mem_regs.WITHOUT_ECC_PIPE.ce_pri.sel_pipe_d1_reg[5]/D
  -------------------------------------------------------------------    -------------------

                         (clock clk_out2_clk_wiz_0 rise edge)
                                                      0.000     0.000 r  
    Y9                                                0.000     0.000 r  sys_clk (IN)
                         net (fo=0)                   0.000     0.000    clk_deler/inst/clk_in1
    Y9                   IBUF (Prop_ibuf_I_O)         0.393     0.393 r  clk_deler/inst/clkin1_ibufg/O
                         net (fo=1, routed)           0.480     0.873    clk_deler/inst/clk_in1_clk_wiz_0
    MMCME2_ADV_X0Y0      MMCME2_ADV (Prop_mmcme2_adv_CLKIN1_CLKOUT1)
                                                     -3.204    -2.331 r  clk_deler/inst/mmcm_adv_inst/CLKOUT1
                         net (fo=1, routed)           0.564    -1.767    clk_deler/inst/clk_out2_clk_wiz_0
    BUFGCTRL_X0Y0        BUFG (Prop_bufg_I_O)         0.029    -1.738 r  clk_deler/inst/clkout2_buf/O
                         net (fo=120, routed)         0.857    -0.881    VGA_inst/VGA_controller_inst/STAT_beeld_INST/ROM_Static_img_INST/U0/inst_blk_mem_gen/gnbram.gnativebmg.native_blk_mem_gen/valid.cstr/has_mux_a.A/clka
    SLICE_X88Y48         FDRE                                         r  VGA_inst/VGA_controller_inst/STAT_beeld_INST/ROM_Static_img_INST/U0/inst_blk_mem_gen/gnbram.gnativebmg.native_blk_mem_gen/valid.cstr/has_mux_a.A/no_softecc_norm_sel2.has_mem_regs.WITHOUT_ECC_PIPE.ce_pri.sel_pipe_d1_reg[5]/C
                         clock pessimism              0.250    -0.631    
    SLICE_X88Y48         FDRE (Hold_fdre_C_D)         0.066    -0.565    VGA_inst/VGA_controller_inst/STAT_beeld_INST/ROM_Static_img_INST/U0/inst_blk_mem_gen/gnbram.gnativebmg.native_blk_mem_gen/valid.cstr/has_mux_a.A/no_softecc_norm_sel2.has_mem_regs.WITHOUT_ECC_PIPE.ce_pri.sel_pipe_d1_reg[5]
  -------------------------------------------------------------------
                         required time                          0.565    
                         arrival time                          -0.386    
  -------------------------------------------------------------------
                         slack                                  0.178    

Slack (MET) :             0.180ns  (arrival time - required time)
  Source:                 VGA_inst/VGA_controller_inst/STAT_beeld_INST/ROM_Static_img_INST/U0/inst_blk_mem_gen/gnbram.gnativebmg.native_blk_mem_gen/valid.cstr/has_mux_a.A/no_softecc_sel_reg.ce_pri.sel_pipe_reg[4]/C
                            (rising edge-triggered cell FDRE clocked by clk_out2_clk_wiz_0  {rise@0.000ns fall@19.865ns period=39.730ns})
  Destination:            VGA_inst/VGA_controller_inst/STAT_beeld_INST/ROM_Static_img_INST/U0/inst_blk_mem_gen/gnbram.gnativebmg.native_blk_mem_gen/valid.cstr/has_mux_a.A/no_softecc_norm_sel2.has_mem_regs.WITHOUT_ECC_PIPE.ce_pri.sel_pipe_d1_reg[4]/D
                            (rising edge-triggered cell FDRE clocked by clk_out2_clk_wiz_0  {rise@0.000ns fall@19.865ns period=39.730ns})
  Path Group:             clk_out2_clk_wiz_0
  Path Type:              Hold (Min at Fast Process Corner)
  Requirement:            0.000ns  (clk_out2_clk_wiz_0 rise@0.000ns - clk_out2_clk_wiz_0 rise@0.000ns)
  Data Path Delay:        0.263ns  (logic 0.141ns (53.607%)  route 0.122ns (46.393%))
  Logic Levels:           0  
  Clock Path Skew:        0.013ns (DCD - SCD - CPR)
    Destination Clock Delay (DCD):    -0.881ns
    Source Clock Delay      (SCD):    -0.644ns
    Clock Pessimism Removal (CPR):    -0.250ns

    Location             Delay type                Incr(ns)  Path(ns)    Netlist Resource(s)
  -------------------------------------------------------------------    -------------------
                         (clock clk_out2_clk_wiz_0 rise edge)
                                                      0.000     0.000 r  
    Y9                                                0.000     0.000 r  sys_clk (IN)
                         net (fo=0)                   0.000     0.000    clk_deler/inst/clk_in1
    Y9                   IBUF (Prop_ibuf_I_O)         0.204     0.204 r  clk_deler/inst/clkin1_ibufg/O
                         net (fo=1, routed)           0.440     0.644    clk_deler/inst/clk_in1_clk_wiz_0
    MMCME2_ADV_X0Y0      MMCME2_ADV (Prop_mmcme2_adv_CLKIN1_CLKOUT1)
                                                     -2.421    -1.776 r  clk_deler/inst/mmcm_adv_inst/CLKOUT1
                         net (fo=1, routed)           0.518    -1.258    clk_deler/inst/clk_out2_clk_wiz_0
    BUFGCTRL_X0Y0        BUFG (Prop_bufg_I_O)         0.026    -1.232 r  clk_deler/inst/clkout2_buf/O
                         net (fo=120, routed)         0.589    -0.644    VGA_inst/VGA_controller_inst/STAT_beeld_INST/ROM_Static_img_INST/U0/inst_blk_mem_gen/gnbram.gnativebmg.native_blk_mem_gen/valid.cstr/has_mux_a.A/clka
    SLICE_X89Y48         FDRE                                         r  VGA_inst/VGA_controller_inst/STAT_beeld_INST/ROM_Static_img_INST/U0/inst_blk_mem_gen/gnbram.gnativebmg.native_blk_mem_gen/valid.cstr/has_mux_a.A/no_softecc_sel_reg.ce_pri.sel_pipe_reg[4]/C
  -------------------------------------------------------------------    -------------------
    SLICE_X89Y48         FDRE (Prop_fdre_C_Q)         0.141    -0.503 r  VGA_inst/VGA_controller_inst/STAT_beeld_INST/ROM_Static_img_INST/U0/inst_blk_mem_gen/gnbram.gnativebmg.native_blk_mem_gen/valid.cstr/has_mux_a.A/no_softecc_sel_reg.ce_pri.sel_pipe_reg[4]/Q
                         net (fo=1, routed)           0.122    -0.381    VGA_inst/VGA_controller_inst/STAT_beeld_INST/ROM_Static_img_INST/U0/inst_blk_mem_gen/gnbram.gnativebmg.native_blk_mem_gen/valid.cstr/has_mux_a.A/sel_pipe[4]
    SLICE_X88Y48         FDRE                                         r  VGA_inst/VGA_controller_inst/STAT_beeld_INST/ROM_Static_img_INST/U0/inst_blk_mem_gen/gnbram.gnativebmg.native_blk_mem_gen/valid.cstr/has_mux_a.A/no_softecc_norm_sel2.has_mem_regs.WITHOUT_ECC_PIPE.ce_pri.sel_pipe_d1_reg[4]/D
  -------------------------------------------------------------------    -------------------

                         (clock clk_out2_clk_wiz_0 rise edge)
                                                      0.000     0.000 r  
    Y9                                                0.000     0.000 r  sys_clk (IN)
                         net (fo=0)                   0.000     0.000    clk_deler/inst/clk_in1
    Y9                   IBUF (Prop_ibuf_I_O)         0.393     0.393 r  clk_deler/inst/clkin1_ibufg/O
                         net (fo=1, routed)           0.480     0.873    clk_deler/inst/clk_in1_clk_wiz_0
    MMCME2_ADV_X0Y0      MMCME2_ADV (Prop_mmcme2_adv_CLKIN1_CLKOUT1)
                                                     -3.204    -2.331 r  clk_deler/inst/mmcm_adv_inst/CLKOUT1
                         net (fo=1, routed)           0.564    -1.767    clk_deler/inst/clk_out2_clk_wiz_0
    BUFGCTRL_X0Y0        BUFG (Prop_bufg_I_O)         0.029    -1.738 r  clk_deler/inst/clkout2_buf/O
                         net (fo=120, routed)         0.857    -0.881    VGA_inst/VGA_controller_inst/STAT_beeld_INST/ROM_Static_img_INST/U0/inst_blk_mem_gen/gnbram.gnativebmg.native_blk_mem_gen/valid.cstr/has_mux_a.A/clka
    SLICE_X88Y48         FDRE                                         r  VGA_inst/VGA_controller_inst/STAT_beeld_INST/ROM_Static_img_INST/U0/inst_blk_mem_gen/gnbram.gnativebmg.native_blk_mem_gen/valid.cstr/has_mux_a.A/no_softecc_norm_sel2.has_mem_regs.WITHOUT_ECC_PIPE.ce_pri.sel_pipe_d1_reg[4]/C
                         clock pessimism              0.250    -0.631    
    SLICE_X88Y48         FDRE (Hold_fdre_C_D)         0.070    -0.561    VGA_inst/VGA_controller_inst/STAT_beeld_INST/ROM_Static_img_INST/U0/inst_blk_mem_gen/gnbram.gnativebmg.native_blk_mem_gen/valid.cstr/has_mux_a.A/no_softecc_norm_sel2.has_mem_regs.WITHOUT_ECC_PIPE.ce_pri.sel_pipe_d1_reg[4]
  -------------------------------------------------------------------
                         required time                          0.561    
                         arrival time                          -0.381    
  -------------------------------------------------------------------
                         slack                                  0.180    

Slack (MET) :             0.185ns  (arrival time - required time)
  Source:                 VGA_inst/VGA_controller_inst/STAT_beeld_INST/ROM_Static_img_INST/U0/inst_blk_mem_gen/gnbram.gnativebmg.native_blk_mem_gen/valid.cstr/has_mux_a.A/no_softecc_sel_reg.ce_pri.sel_pipe_reg[0]/C
                            (rising edge-triggered cell FDRE clocked by clk_out2_clk_wiz_0  {rise@0.000ns fall@19.865ns period=39.730ns})
  Destination:            VGA_inst/VGA_controller_inst/STAT_beeld_INST/ROM_Static_img_INST/U0/inst_blk_mem_gen/gnbram.gnativebmg.native_blk_mem_gen/valid.cstr/has_mux_a.A/no_softecc_norm_sel2.has_mem_regs.WITHOUT_ECC_PIPE.ce_pri.sel_pipe_d1_reg[0]/D
                            (rising edge-triggered cell FDRE clocked by clk_out2_clk_wiz_0  {rise@0.000ns fall@19.865ns period=39.730ns})
  Path Group:             clk_out2_clk_wiz_0
  Path Type:              Hold (Min at Fast Process Corner)
  Requirement:            0.000ns  (clk_out2_clk_wiz_0 rise@0.000ns - clk_out2_clk_wiz_0 rise@0.000ns)
  Data Path Delay:        0.257ns  (logic 0.141ns (54.828%)  route 0.116ns (45.172%))
  Logic Levels:           0  
  Clock Path Skew:        0.013ns (DCD - SCD - CPR)
    Destination Clock Delay (DCD):    -0.858ns
    Source Clock Delay      (SCD):    -0.622ns
    Clock Pessimism Removal (CPR):    -0.249ns

    Location             Delay type                Incr(ns)  Path(ns)    Netlist Resource(s)
  -------------------------------------------------------------------    -------------------
                         (clock clk_out2_clk_wiz_0 rise edge)
                                                      0.000     0.000 r  
    Y9                                                0.000     0.000 r  sys_clk (IN)
                         net (fo=0)                   0.000     0.000    clk_deler/inst/clk_in1
    Y9                   IBUF (Prop_ibuf_I_O)         0.204     0.204 r  clk_deler/inst/clkin1_ibufg/O
                         net (fo=1, routed)           0.440     0.644    clk_deler/inst/clk_in1_clk_wiz_0
    MMCME2_ADV_X0Y0      MMCME2_ADV (Prop_mmcme2_adv_CLKIN1_CLKOUT1)
                                                     -2.421    -1.776 r  clk_deler/inst/mmcm_adv_inst/CLKOUT1
                         net (fo=1, routed)           0.518    -1.258    clk_deler/inst/clk_out2_clk_wiz_0
    BUFGCTRL_X0Y0        BUFG (Prop_bufg_I_O)         0.026    -1.232 r  clk_deler/inst/clkout2_buf/O
                         net (fo=120, routed)         0.611    -0.622    VGA_inst/VGA_controller_inst/STAT_beeld_INST/ROM_Static_img_INST/U0/inst_blk_mem_gen/gnbram.gnativebmg.native_blk_mem_gen/valid.cstr/has_mux_a.A/clka
    SLICE_X91Y47         FDRE                                         r  VGA_inst/VGA_controller_inst/STAT_beeld_INST/ROM_Static_img_INST/U0/inst_blk_mem_gen/gnbram.gnativebmg.native_blk_mem_gen/valid.cstr/has_mux_a.A/no_softecc_sel_reg.ce_pri.sel_pipe_reg[0]/C
  -------------------------------------------------------------------    -------------------
    SLICE_X91Y47         FDRE (Prop_fdre_C_Q)         0.141    -0.481 r  VGA_inst/VGA_controller_inst/STAT_beeld_INST/ROM_Static_img_INST/U0/inst_blk_mem_gen/gnbram.gnativebmg.native_blk_mem_gen/valid.cstr/has_mux_a.A/no_softecc_sel_reg.ce_pri.sel_pipe_reg[0]/Q
                         net (fo=1, routed)           0.116    -0.364    VGA_inst/VGA_controller_inst/STAT_beeld_INST/ROM_Static_img_INST/U0/inst_blk_mem_gen/gnbram.gnativebmg.native_blk_mem_gen/valid.cstr/has_mux_a.A/sel_pipe[0]
    SLICE_X90Y47         FDRE                                         r  VGA_inst/VGA_controller_inst/STAT_beeld_INST/ROM_Static_img_INST/U0/inst_blk_mem_gen/gnbram.gnativebmg.native_blk_mem_gen/valid.cstr/has_mux_a.A/no_softecc_norm_sel2.has_mem_regs.WITHOUT_ECC_PIPE.ce_pri.sel_pipe_d1_reg[0]/D
  -------------------------------------------------------------------    -------------------

                         (clock clk_out2_clk_wiz_0 rise edge)
                                                      0.000     0.000 r  
    Y9                                                0.000     0.000 r  sys_clk (IN)
                         net (fo=0)                   0.000     0.000    clk_deler/inst/clk_in1
    Y9                   IBUF (Prop_ibuf_I_O)         0.393     0.393 r  clk_deler/inst/clkin1_ibufg/O
                         net (fo=1, routed)           0.480     0.873    clk_deler/inst/clk_in1_clk_wiz_0
    MMCME2_ADV_X0Y0      MMCME2_ADV (Prop_mmcme2_adv_CLKIN1_CLKOUT1)
                                                     -3.204    -2.331 r  clk_deler/inst/mmcm_adv_inst/CLKOUT1
                         net (fo=1, routed)           0.564    -1.767    clk_deler/inst/clk_out2_clk_wiz_0
    BUFGCTRL_X0Y0        BUFG (Prop_bufg_I_O)         0.029    -1.738 r  clk_deler/inst/clkout2_buf/O
                         net (fo=120, routed)         0.880    -0.858    VGA_inst/VGA_controller_inst/STAT_beeld_INST/ROM_Static_img_INST/U0/inst_blk_mem_gen/gnbram.gnativebmg.native_blk_mem_gen/valid.cstr/has_mux_a.A/clka
    SLICE_X90Y47         FDRE                                         r  VGA_inst/VGA_controller_inst/STAT_beeld_INST/ROM_Static_img_INST/U0/inst_blk_mem_gen/gnbram.gnativebmg.native_blk_mem_gen/valid.cstr/has_mux_a.A/no_softecc_norm_sel2.has_mem_regs.WITHOUT_ECC_PIPE.ce_pri.sel_pipe_d1_reg[0]/C
                         clock pessimism              0.249    -0.609    
    SLICE_X90Y47         FDRE (Hold_fdre_C_D)         0.059    -0.550    VGA_inst/VGA_controller_inst/STAT_beeld_INST/ROM_Static_img_INST/U0/inst_blk_mem_gen/gnbram.gnativebmg.native_blk_mem_gen/valid.cstr/has_mux_a.A/no_softecc_norm_sel2.has_mem_regs.WITHOUT_ECC_PIPE.ce_pri.sel_pipe_d1_reg[0]
  -------------------------------------------------------------------
                         required time                          0.550    
                         arrival time                          -0.364    
  -------------------------------------------------------------------
                         slack                                  0.185    

Slack (MET) :             0.192ns  (arrival time - required time)
  Source:                 VGA_inst/VGA_controller_inst/STAT_beeld_INST/ROM_Static_img_INST/U0/inst_blk_mem_gen/gnbram.gnativebmg.native_blk_mem_gen/valid.cstr/has_mux_a.A/no_softecc_sel_reg.ce_pri.sel_pipe_reg[1]/C
                            (rising edge-triggered cell FDRE clocked by clk_out2_clk_wiz_0  {rise@0.000ns fall@19.865ns period=39.730ns})
  Destination:            VGA_inst/VGA_controller_inst/STAT_beeld_INST/ROM_Static_img_INST/U0/inst_blk_mem_gen/gnbram.gnativebmg.native_blk_mem_gen/valid.cstr/has_mux_a.A/no_softecc_norm_sel2.has_mem_regs.WITHOUT_ECC_PIPE.ce_pri.sel_pipe_d1_reg[1]/D
                            (rising edge-triggered cell FDRE clocked by clk_out2_clk_wiz_0  {rise@0.000ns fall@19.865ns period=39.730ns})
  Path Group:             clk_out2_clk_wiz_0
  Path Type:              Hold (Min at Fast Process Corner)
  Requirement:            0.000ns  (clk_out2_clk_wiz_0 rise@0.000ns - clk_out2_clk_wiz_0 rise@0.000ns)
  Data Path Delay:        0.257ns  (logic 0.141ns (54.828%)  route 0.116ns (45.172%))
  Logic Levels:           0  
  Clock Path Skew:        0.013ns (DCD - SCD - CPR)
    Destination Clock Delay (DCD):    -0.858ns
    Source Clock Delay      (SCD):    -0.622ns
    Clock Pessimism Removal (CPR):    -0.249ns

    Location             Delay type                Incr(ns)  Path(ns)    Netlist Resource(s)
  -------------------------------------------------------------------    -------------------
                         (clock clk_out2_clk_wiz_0 rise edge)
                                                      0.000     0.000 r  
    Y9                                                0.000     0.000 r  sys_clk (IN)
                         net (fo=0)                   0.000     0.000    clk_deler/inst/clk_in1
    Y9                   IBUF (Prop_ibuf_I_O)         0.204     0.204 r  clk_deler/inst/clkin1_ibufg/O
                         net (fo=1, routed)           0.440     0.644    clk_deler/inst/clk_in1_clk_wiz_0
    MMCME2_ADV_X0Y0      MMCME2_ADV (Prop_mmcme2_adv_CLKIN1_CLKOUT1)
                                                     -2.421    -1.776 r  clk_deler/inst/mmcm_adv_inst/CLKOUT1
                         net (fo=1, routed)           0.518    -1.258    clk_deler/inst/clk_out2_clk_wiz_0
    BUFGCTRL_X0Y0        BUFG (Prop_bufg_I_O)         0.026    -1.232 r  clk_deler/inst/clkout2_buf/O
                         net (fo=120, routed)         0.611    -0.622    VGA_inst/VGA_controller_inst/STAT_beeld_INST/ROM_Static_img_INST/U0/inst_blk_mem_gen/gnbram.gnativebmg.native_blk_mem_gen/valid.cstr/has_mux_a.A/clka
    SLICE_X91Y47         FDRE                                         r  VGA_inst/VGA_controller_inst/STAT_beeld_INST/ROM_Static_img_INST/U0/inst_blk_mem_gen/gnbram.gnativebmg.native_blk_mem_gen/valid.cstr/has_mux_a.A/no_softecc_sel_reg.ce_pri.sel_pipe_reg[1]/C
  -------------------------------------------------------------------    -------------------
    SLICE_X91Y47         FDRE (Prop_fdre_C_Q)         0.141    -0.481 r  VGA_inst/VGA_controller_inst/STAT_beeld_INST/ROM_Static_img_INST/U0/inst_blk_mem_gen/gnbram.gnativebmg.native_blk_mem_gen/valid.cstr/has_mux_a.A/no_softecc_sel_reg.ce_pri.sel_pipe_reg[1]/Q
                         net (fo=1, routed)           0.116    -0.364    VGA_inst/VGA_controller_inst/STAT_beeld_INST/ROM_Static_img_INST/U0/inst_blk_mem_gen/gnbram.gnativebmg.native_blk_mem_gen/valid.cstr/has_mux_a.A/sel_pipe[1]
    SLICE_X90Y47         FDRE                                         r  VGA_inst/VGA_controller_inst/STAT_beeld_INST/ROM_Static_img_INST/U0/inst_blk_mem_gen/gnbram.gnativebmg.native_blk_mem_gen/valid.cstr/has_mux_a.A/no_softecc_norm_sel2.has_mem_regs.WITHOUT_ECC_PIPE.ce_pri.sel_pipe_d1_reg[1]/D
  -------------------------------------------------------------------    -------------------

                         (clock clk_out2_clk_wiz_0 rise edge)
                                                      0.000     0.000 r  
    Y9                                                0.000     0.000 r  sys_clk (IN)
                         net (fo=0)                   0.000     0.000    clk_deler/inst/clk_in1
    Y9                   IBUF (Prop_ibuf_I_O)         0.393     0.393 r  clk_deler/inst/clkin1_ibufg/O
                         net (fo=1, routed)           0.480     0.873    clk_deler/inst/clk_in1_clk_wiz_0
    MMCME2_ADV_X0Y0      MMCME2_ADV (Prop_mmcme2_adv_CLKIN1_CLKOUT1)
                                                     -3.204    -2.331 r  clk_deler/inst/mmcm_adv_inst/CLKOUT1
                         net (fo=1, routed)           0.564    -1.767    clk_deler/inst/clk_out2_clk_wiz_0
    BUFGCTRL_X0Y0        BUFG (Prop_bufg_I_O)         0.029    -1.738 r  clk_deler/inst/clkout2_buf/O
                         net (fo=120, routed)         0.880    -0.858    VGA_inst/VGA_controller_inst/STAT_beeld_INST/ROM_Static_img_INST/U0/inst_blk_mem_gen/gnbram.gnativebmg.native_blk_mem_gen/valid.cstr/has_mux_a.A/clka
    SLICE_X90Y47         FDRE                                         r  VGA_inst/VGA_controller_inst/STAT_beeld_INST/ROM_Static_img_INST/U0/inst_blk_mem_gen/gnbram.gnativebmg.native_blk_mem_gen/valid.cstr/has_mux_a.A/no_softecc_norm_sel2.has_mem_regs.WITHOUT_ECC_PIPE.ce_pri.sel_pipe_d1_reg[1]/C
                         clock pessimism              0.249    -0.609    
    SLICE_X90Y47         FDRE (Hold_fdre_C_D)         0.052    -0.557    VGA_inst/VGA_controller_inst/STAT_beeld_INST/ROM_Static_img_INST/U0/inst_blk_mem_gen/gnbram.gnativebmg.native_blk_mem_gen/valid.cstr/has_mux_a.A/no_softecc_norm_sel2.has_mem_regs.WITHOUT_ECC_PIPE.ce_pri.sel_pipe_d1_reg[1]
  -------------------------------------------------------------------
                         required time                          0.557    
                         arrival time                          -0.364    
  -------------------------------------------------------------------
                         slack                                  0.192    

Slack (MET) :             0.216ns  (arrival time - required time)
  Source:                 VGA_inst/VGA_controller_inst/STAT_beeld_INST/ROM_Static_img_INST/U0/inst_blk_mem_gen/gnbram.gnativebmg.native_blk_mem_gen/valid.cstr/has_mux_a.A/no_softecc_sel_reg.ce_pri.sel_pipe_reg[2]/C
                            (rising edge-triggered cell FDRE clocked by clk_out2_clk_wiz_0  {rise@0.000ns fall@19.865ns period=39.730ns})
  Destination:            VGA_inst/VGA_controller_inst/STAT_beeld_INST/ROM_Static_img_INST/U0/inst_blk_mem_gen/gnbram.gnativebmg.native_blk_mem_gen/valid.cstr/has_mux_a.A/no_softecc_norm_sel2.has_mem_regs.WITHOUT_ECC_PIPE.ce_pri.sel_pipe_d1_reg[2]/D
                            (rising edge-triggered cell FDRE clocked by clk_out2_clk_wiz_0  {rise@0.000ns fall@19.865ns period=39.730ns})
  Path Group:             clk_out2_clk_wiz_0
  Path Type:              Hold (Min at Fast Process Corner)
  Requirement:            0.000ns  (clk_out2_clk_wiz_0 rise@0.000ns - clk_out2_clk_wiz_0 rise@0.000ns)
  Data Path Delay:        0.286ns  (logic 0.141ns (49.277%)  route 0.145ns (50.723%))
  Logic Levels:           0  
  Clock Path Skew:        0.000ns (DCD - SCD - CPR)
    Destination Clock Delay (DCD):    -0.858ns
    Source Clock Delay      (SCD):    -0.622ns
    Clock Pessimism Removal (CPR):    -0.236ns

    Location             Delay type                Incr(ns)  Path(ns)    Netlist Resource(s)
  -------------------------------------------------------------------    -------------------
                         (clock clk_out2_clk_wiz_0 rise edge)
                                                      0.000     0.000 r  
    Y9                                                0.000     0.000 r  sys_clk (IN)
                         net (fo=0)                   0.000     0.000    clk_deler/inst/clk_in1
    Y9                   IBUF (Prop_ibuf_I_O)         0.204     0.204 r  clk_deler/inst/clkin1_ibufg/O
                         net (fo=1, routed)           0.440     0.644    clk_deler/inst/clk_in1_clk_wiz_0
    MMCME2_ADV_X0Y0      MMCME2_ADV (Prop_mmcme2_adv_CLKIN1_CLKOUT1)
                                                     -2.421    -1.776 r  clk_deler/inst/mmcm_adv_inst/CLKOUT1
                         net (fo=1, routed)           0.518    -1.258    clk_deler/inst/clk_out2_clk_wiz_0
    BUFGCTRL_X0Y0        BUFG (Prop_bufg_I_O)         0.026    -1.232 r  clk_deler/inst/clkout2_buf/O
                         net (fo=120, routed)         0.611    -0.622    VGA_inst/VGA_controller_inst/STAT_beeld_INST/ROM_Static_img_INST/U0/inst_blk_mem_gen/gnbram.gnativebmg.native_blk_mem_gen/valid.cstr/has_mux_a.A/clka
    SLICE_X91Y47         FDRE                                         r  VGA_inst/VGA_controller_inst/STAT_beeld_INST/ROM_Static_img_INST/U0/inst_blk_mem_gen/gnbram.gnativebmg.native_blk_mem_gen/valid.cstr/has_mux_a.A/no_softecc_sel_reg.ce_pri.sel_pipe_reg[2]/C
  -------------------------------------------------------------------    -------------------
    SLICE_X91Y47         FDRE (Prop_fdre_C_Q)         0.141    -0.481 r  VGA_inst/VGA_controller_inst/STAT_beeld_INST/ROM_Static_img_INST/U0/inst_blk_mem_gen/gnbram.gnativebmg.native_blk_mem_gen/valid.cstr/has_mux_a.A/no_softecc_sel_reg.ce_pri.sel_pipe_reg[2]/Q
                         net (fo=1, routed)           0.145    -0.336    VGA_inst/VGA_controller_inst/STAT_beeld_INST/ROM_Static_img_INST/U0/inst_blk_mem_gen/gnbram.gnativebmg.native_blk_mem_gen/valid.cstr/has_mux_a.A/sel_pipe[2]
    SLICE_X91Y47         FDRE                                         r  VGA_inst/VGA_controller_inst/STAT_beeld_INST/ROM_Static_img_INST/U0/inst_blk_mem_gen/gnbram.gnativebmg.native_blk_mem_gen/valid.cstr/has_mux_a.A/no_softecc_norm_sel2.has_mem_regs.WITHOUT_ECC_PIPE.ce_pri.sel_pipe_d1_reg[2]/D
  -------------------------------------------------------------------    -------------------

                         (clock clk_out2_clk_wiz_0 rise edge)
                                                      0.000     0.000 r  
    Y9                                                0.000     0.000 r  sys_clk (IN)
                         net (fo=0)                   0.000     0.000    clk_deler/inst/clk_in1
    Y9                   IBUF (Prop_ibuf_I_O)         0.393     0.393 r  clk_deler/inst/clkin1_ibufg/O
                         net (fo=1, routed)           0.480     0.873    clk_deler/inst/clk_in1_clk_wiz_0
    MMCME2_ADV_X0Y0      MMCME2_ADV (Prop_mmcme2_adv_CLKIN1_CLKOUT1)
                                                     -3.204    -2.331 r  clk_deler/inst/mmcm_adv_inst/CLKOUT1
                         net (fo=1, routed)           0.564    -1.767    clk_deler/inst/clk_out2_clk_wiz_0
    BUFGCTRL_X0Y0        BUFG (Prop_bufg_I_O)         0.029    -1.738 r  clk_deler/inst/clkout2_buf/O
                         net (fo=120, routed)         0.880    -0.858    VGA_inst/VGA_controller_inst/STAT_beeld_INST/ROM_Static_img_INST/U0/inst_blk_mem_gen/gnbram.gnativebmg.native_blk_mem_gen/valid.cstr/has_mux_a.A/clka
    SLICE_X91Y47         FDRE                                         r  VGA_inst/VGA_controller_inst/STAT_beeld_INST/ROM_Static_img_INST/U0/inst_blk_mem_gen/gnbram.gnativebmg.native_blk_mem_gen/valid.cstr/has_mux_a.A/no_softecc_norm_sel2.has_mem_regs.WITHOUT_ECC_PIPE.ce_pri.sel_pipe_d1_reg[2]/C
                         clock pessimism              0.236    -0.622    
    SLICE_X91Y47         FDRE (Hold_fdre_C_D)         0.070    -0.552    VGA_inst/VGA_controller_inst/STAT_beeld_INST/ROM_Static_img_INST/U0/inst_blk_mem_gen/gnbram.gnativebmg.native_blk_mem_gen/valid.cstr/has_mux_a.A/no_softecc_norm_sel2.has_mem_regs.WITHOUT_ECC_PIPE.ce_pri.sel_pipe_d1_reg[2]
  -------------------------------------------------------------------
                         required time                          0.552    
                         arrival time                          -0.336    
  -------------------------------------------------------------------
                         slack                                  0.216    

Slack (MET) :             0.216ns  (arrival time - required time)
  Source:                 VGA_inst/VGA_controller_inst/STAT_beeld_INST/ROM_Static_img_INST/U0/inst_blk_mem_gen/gnbram.gnativebmg.native_blk_mem_gen/valid.cstr/has_mux_a.A/no_softecc_sel_reg.ce_pri.sel_pipe_reg[6]/C
                            (rising edge-triggered cell FDRE clocked by clk_out2_clk_wiz_0  {rise@0.000ns fall@19.865ns period=39.730ns})
  Destination:            VGA_inst/VGA_controller_inst/STAT_beeld_INST/ROM_Static_img_INST/U0/inst_blk_mem_gen/gnbram.gnativebmg.native_blk_mem_gen/valid.cstr/has_mux_a.A/no_softecc_norm_sel2.has_mem_regs.WITHOUT_ECC_PIPE.ce_pri.sel_pipe_d1_reg[6]/D
                            (rising edge-triggered cell FDRE clocked by clk_out2_clk_wiz_0  {rise@0.000ns fall@19.865ns period=39.730ns})
  Path Group:             clk_out2_clk_wiz_0
  Path Type:              Hold (Min at Fast Process Corner)
  Requirement:            0.000ns  (clk_out2_clk_wiz_0 rise@0.000ns - clk_out2_clk_wiz_0 rise@0.000ns)
  Data Path Delay:        0.286ns  (logic 0.141ns (49.277%)  route 0.145ns (50.723%))
  Logic Levels:           0  
  Clock Path Skew:        0.000ns (DCD - SCD - CPR)
    Destination Clock Delay (DCD):    -0.881ns
    Source Clock Delay      (SCD):    -0.644ns
    Clock Pessimism Removal (CPR):    -0.237ns

    Location             Delay type                Incr(ns)  Path(ns)    Netlist Resource(s)
  -------------------------------------------------------------------    -------------------
                         (clock clk_out2_clk_wiz_0 rise edge)
                                                      0.000     0.000 r  
    Y9                                                0.000     0.000 r  sys_clk (IN)
                         net (fo=0)                   0.000     0.000    clk_deler/inst/clk_in1
    Y9                   IBUF (Prop_ibuf_I_O)         0.204     0.204 r  clk_deler/inst/clkin1_ibufg/O
                         net (fo=1, routed)           0.440     0.644    clk_deler/inst/clk_in1_clk_wiz_0
    MMCME2_ADV_X0Y0      MMCME2_ADV (Prop_mmcme2_adv_CLKIN1_CLKOUT1)
                                                     -2.421    -1.776 r  clk_deler/inst/mmcm_adv_inst/CLKOUT1
                         net (fo=1, routed)           0.518    -1.258    clk_deler/inst/clk_out2_clk_wiz_0
    BUFGCTRL_X0Y0        BUFG (Prop_bufg_I_O)         0.026    -1.232 r  clk_deler/inst/clkout2_buf/O
                         net (fo=120, routed)         0.589    -0.644    VGA_inst/VGA_controller_inst/STAT_beeld_INST/ROM_Static_img_INST/U0/inst_blk_mem_gen/gnbram.gnativebmg.native_blk_mem_gen/valid.cstr/has_mux_a.A/clka
    SLICE_X89Y48         FDRE                                         r  VGA_inst/VGA_controller_inst/STAT_beeld_INST/ROM_Static_img_INST/U0/inst_blk_mem_gen/gnbram.gnativebmg.native_blk_mem_gen/valid.cstr/has_mux_a.A/no_softecc_sel_reg.ce_pri.sel_pipe_reg[6]/C
  -------------------------------------------------------------------    -------------------
    SLICE_X89Y48         FDRE (Prop_fdre_C_Q)         0.141    -0.503 r  VGA_inst/VGA_controller_inst/STAT_beeld_INST/ROM_Static_img_INST/U0/inst_blk_mem_gen/gnbram.gnativebmg.native_blk_mem_gen/valid.cstr/has_mux_a.A/no_softecc_sel_reg.ce_pri.sel_pipe_reg[6]/Q
                         net (fo=1, routed)           0.145    -0.358    VGA_inst/VGA_controller_inst/STAT_beeld_INST/ROM_Static_img_INST/U0/inst_blk_mem_gen/gnbram.gnativebmg.native_blk_mem_gen/valid.cstr/has_mux_a.A/sel_pipe[6]
    SLICE_X89Y48         FDRE                                         r  VGA_inst/VGA_controller_inst/STAT_beeld_INST/ROM_Static_img_INST/U0/inst_blk_mem_gen/gnbram.gnativebmg.native_blk_mem_gen/valid.cstr/has_mux_a.A/no_softecc_norm_sel2.has_mem_regs.WITHOUT_ECC_PIPE.ce_pri.sel_pipe_d1_reg[6]/D
  -------------------------------------------------------------------    -------------------

                         (clock clk_out2_clk_wiz_0 rise edge)
                                                      0.000     0.000 r  
    Y9                                                0.000     0.000 r  sys_clk (IN)
                         net (fo=0)                   0.000     0.000    clk_deler/inst/clk_in1
    Y9                   IBUF (Prop_ibuf_I_O)         0.393     0.393 r  clk_deler/inst/clkin1_ibufg/O
                         net (fo=1, routed)           0.480     0.873    clk_deler/inst/clk_in1_clk_wiz_0
    MMCME2_ADV_X0Y0      MMCME2_ADV (Prop_mmcme2_adv_CLKIN1_CLKOUT1)
                                                     -3.204    -2.331 r  clk_deler/inst/mmcm_adv_inst/CLKOUT1
                         net (fo=1, routed)           0.564    -1.767    clk_deler/inst/clk_out2_clk_wiz_0
    BUFGCTRL_X0Y0        BUFG (Prop_bufg_I_O)         0.029    -1.738 r  clk_deler/inst/clkout2_buf/O
                         net (fo=120, routed)         0.857    -0.881    VGA_inst/VGA_controller_inst/STAT_beeld_INST/ROM_Static_img_INST/U0/inst_blk_mem_gen/gnbram.gnativebmg.native_blk_mem_gen/valid.cstr/has_mux_a.A/clka
    SLICE_X89Y48         FDRE                                         r  VGA_inst/VGA_controller_inst/STAT_beeld_INST/ROM_Static_img_INST/U0/inst_blk_mem_gen/gnbram.gnativebmg.native_blk_mem_gen/valid.cstr/has_mux_a.A/no_softecc_norm_sel2.has_mem_regs.WITHOUT_ECC_PIPE.ce_pri.sel_pipe_d1_reg[6]/C
                         clock pessimism              0.237    -0.644    
    SLICE_X89Y48         FDRE (Hold_fdre_C_D)         0.070    -0.574    VGA_inst/VGA_controller_inst/STAT_beeld_INST/ROM_Static_img_INST/U0/inst_blk_mem_gen/gnbram.gnativebmg.native_blk_mem_gen/valid.cstr/has_mux_a.A/no_softecc_norm_sel2.has_mem_regs.WITHOUT_ECC_PIPE.ce_pri.sel_pipe_d1_reg[6]
  -------------------------------------------------------------------
                         required time                          0.574    
                         arrival time                          -0.358    
  -------------------------------------------------------------------
                         slack                                  0.216    

Slack (MET) :             0.219ns  (arrival time - required time)
  Source:                 VGA_inst/VGA_driver_inst/VTeller_reg[0]/C
                            (rising edge-triggered cell FDRE clocked by clk_out2_clk_wiz_0  {rise@0.000ns fall@19.865ns period=39.730ns})
  Destination:            VGA_inst/VGA_driver_inst/VTeller_reg[2]/D
                            (rising edge-triggered cell FDRE clocked by clk_out2_clk_wiz_0  {rise@0.000ns fall@19.865ns period=39.730ns})
  Path Group:             clk_out2_clk_wiz_0
  Path Type:              Hold (Min at Fast Process Corner)
  Requirement:            0.000ns  (clk_out2_clk_wiz_0 rise@0.000ns - clk_out2_clk_wiz_0 rise@0.000ns)
  Data Path Delay:        0.389ns  (logic 0.189ns (48.583%)  route 0.200ns (51.417%))
  Logic Levels:           1  (LUT4=1)
  Clock Path Skew:        0.037ns (DCD - SCD - CPR)
    Destination Clock Delay (DCD):    -0.858ns
    Source Clock Delay      (SCD):    -0.623ns
    Clock Pessimism Removal (CPR):    -0.272ns

    Location             Delay type                Incr(ns)  Path(ns)    Netlist Resource(s)
  -------------------------------------------------------------------    -------------------
                         (clock clk_out2_clk_wiz_0 rise edge)
                                                      0.000     0.000 r  
    Y9                                                0.000     0.000 r  sys_clk (IN)
                         net (fo=0)                   0.000     0.000    clk_deler/inst/clk_in1
    Y9                   IBUF (Prop_ibuf_I_O)         0.204     0.204 r  clk_deler/inst/clkin1_ibufg/O
                         net (fo=1, routed)           0.440     0.644    clk_deler/inst/clk_in1_clk_wiz_0
    MMCME2_ADV_X0Y0      MMCME2_ADV (Prop_mmcme2_adv_CLKIN1_CLKOUT1)
                                                     -2.421    -1.776 r  clk_deler/inst/mmcm_adv_inst/CLKOUT1
                         net (fo=1, routed)           0.518    -1.258    clk_deler/inst/clk_out2_clk_wiz_0
    BUFGCTRL_X0Y0        BUFG (Prop_bufg_I_O)         0.026    -1.232 r  clk_deler/inst/clkout2_buf/O
                         net (fo=120, routed)         0.610    -0.623    VGA_inst/VGA_driver_inst/clk_out2
    SLICE_X91Y46         FDRE                                         r  VGA_inst/VGA_driver_inst/VTeller_reg[0]/C
  -------------------------------------------------------------------    -------------------
    SLICE_X91Y46         FDRE (Prop_fdre_C_Q)         0.141    -0.482 r  VGA_inst/VGA_driver_inst/VTeller_reg[0]/Q
                         net (fo=15, routed)          0.200    -0.282    VGA_inst/VGA_driver_inst/LineCount[0]
    SLICE_X92Y45         LUT4 (Prop_lut4_I2_O)        0.048    -0.234 r  VGA_inst/VGA_driver_inst/VTeller[2]_i_1/O
                         net (fo=1, routed)           0.000    -0.234    VGA_inst/VGA_driver_inst/VTeller[2]_i_1_n_0
    SLICE_X92Y45         FDRE                                         r  VGA_inst/VGA_driver_inst/VTeller_reg[2]/D
  -------------------------------------------------------------------    -------------------

                         (clock clk_out2_clk_wiz_0 rise edge)
                                                      0.000     0.000 r  
    Y9                                                0.000     0.000 r  sys_clk (IN)
                         net (fo=0)                   0.000     0.000    clk_deler/inst/clk_in1
    Y9                   IBUF (Prop_ibuf_I_O)         0.393     0.393 r  clk_deler/inst/clkin1_ibufg/O
                         net (fo=1, routed)           0.480     0.873    clk_deler/inst/clk_in1_clk_wiz_0
    MMCME2_ADV_X0Y0      MMCME2_ADV (Prop_mmcme2_adv_CLKIN1_CLKOUT1)
                                                     -3.204    -2.331 r  clk_deler/inst/mmcm_adv_inst/CLKOUT1
                         net (fo=1, routed)           0.564    -1.767    clk_deler/inst/clk_out2_clk_wiz_0
    BUFGCTRL_X0Y0        BUFG (Prop_bufg_I_O)         0.029    -1.738 r  clk_deler/inst/clkout2_buf/O
                         net (fo=120, routed)         0.880    -0.858    VGA_inst/VGA_driver_inst/clk_out2
    SLICE_X92Y45         FDRE                                         r  VGA_inst/VGA_driver_inst/VTeller_reg[2]/C
                         clock pessimism              0.272    -0.586    
    SLICE_X92Y45         FDRE (Hold_fdre_C_D)         0.133    -0.453    VGA_inst/VGA_driver_inst/VTeller_reg[2]
  -------------------------------------------------------------------
                         required time                          0.453    
                         arrival time                          -0.234    
  -------------------------------------------------------------------
                         slack                                  0.219    

Slack (MET) :             0.233ns  (arrival time - required time)
  Source:                 VGA_inst/VGA_driver_inst/VTeller_reg[0]/C
                            (rising edge-triggered cell FDRE clocked by clk_out2_clk_wiz_0  {rise@0.000ns fall@19.865ns period=39.730ns})
  Destination:            VGA_inst/VGA_driver_inst/VTeller_reg[3]/D
                            (rising edge-triggered cell FDRE clocked by clk_out2_clk_wiz_0  {rise@0.000ns fall@19.865ns period=39.730ns})
  Path Group:             clk_out2_clk_wiz_0
  Path Type:              Hold (Min at Fast Process Corner)
  Requirement:            0.000ns  (clk_out2_clk_wiz_0 rise@0.000ns - clk_out2_clk_wiz_0 rise@0.000ns)
  Data Path Delay:        0.393ns  (logic 0.189ns (48.089%)  route 0.204ns (51.911%))
  Logic Levels:           1  (LUT5=1)
  Clock Path Skew:        0.037ns (DCD - SCD - CPR)
    Destination Clock Delay (DCD):    -0.858ns
    Source Clock Delay      (SCD):    -0.623ns
    Clock Pessimism Removal (CPR):    -0.272ns

    Location             Delay type                Incr(ns)  Path(ns)    Netlist Resource(s)
  -------------------------------------------------------------------    -------------------
                         (clock clk_out2_clk_wiz_0 rise edge)
                                                      0.000     0.000 r  
    Y9                                                0.000     0.000 r  sys_clk (IN)
                         net (fo=0)                   0.000     0.000    clk_deler/inst/clk_in1
    Y9                   IBUF (Prop_ibuf_I_O)         0.204     0.204 r  clk_deler/inst/clkin1_ibufg/O
                         net (fo=1, routed)           0.440     0.644    clk_deler/inst/clk_in1_clk_wiz_0
    MMCME2_ADV_X0Y0      MMCME2_ADV (Prop_mmcme2_adv_CLKIN1_CLKOUT1)
                                                     -2.421    -1.776 r  clk_deler/inst/mmcm_adv_inst/CLKOUT1
                         net (fo=1, routed)           0.518    -1.258    clk_deler/inst/clk_out2_clk_wiz_0
    BUFGCTRL_X0Y0        BUFG (Prop_bufg_I_O)         0.026    -1.232 r  clk_deler/inst/clkout2_buf/O
                         net (fo=120, routed)         0.610    -0.623    VGA_inst/VGA_driver_inst/clk_out2
    SLICE_X91Y46         FDRE                                         r  VGA_inst/VGA_driver_inst/VTeller_reg[0]/C
  -------------------------------------------------------------------    -------------------
    SLICE_X91Y46         FDRE (Prop_fdre_C_Q)         0.141    -0.482 r  VGA_inst/VGA_driver_inst/VTeller_reg[0]/Q
                         net (fo=15, routed)          0.204    -0.278    VGA_inst/VGA_driver_inst/LineCount[0]
    SLICE_X92Y45         LUT5 (Prop_lut5_I0_O)        0.048    -0.230 r  VGA_inst/VGA_driver_inst/VTeller[3]_i_1/O
                         net (fo=2, routed)           0.000    -0.230    VGA_inst/VGA_driver_inst/VTeller[3]_i_1_n_0
    SLICE_X92Y45         FDRE                                         r  VGA_inst/VGA_driver_inst/VTeller_reg[3]/D
  -------------------------------------------------------------------    -------------------

                         (clock clk_out2_clk_wiz_0 rise edge)
                                                      0.000     0.000 r  
    Y9                                                0.000     0.000 r  sys_clk (IN)
                         net (fo=0)                   0.000     0.000    clk_deler/inst/clk_in1
    Y9                   IBUF (Prop_ibuf_I_O)         0.393     0.393 r  clk_deler/inst/clkin1_ibufg/O
                         net (fo=1, routed)           0.480     0.873    clk_deler/inst/clk_in1_clk_wiz_0
    MMCME2_ADV_X0Y0      MMCME2_ADV (Prop_mmcme2_adv_CLKIN1_CLKOUT1)
                                                     -3.204    -2.331 r  clk_deler/inst/mmcm_adv_inst/CLKOUT1
                         net (fo=1, routed)           0.564    -1.767    clk_deler/inst/clk_out2_clk_wiz_0
    BUFGCTRL_X0Y0        BUFG (Prop_bufg_I_O)         0.029    -1.738 r  clk_deler/inst/clkout2_buf/O
                         net (fo=120, routed)         0.880    -0.858    VGA_inst/VGA_driver_inst/clk_out2
    SLICE_X92Y45         FDRE                                         r  VGA_inst/VGA_driver_inst/VTeller_reg[3]/C
                         clock pessimism              0.272    -0.586    
    SLICE_X92Y45         FDRE (Hold_fdre_C_D)         0.123    -0.463    VGA_inst/VGA_driver_inst/VTeller_reg[3]
  -------------------------------------------------------------------
                         required time                          0.463    
                         arrival time                          -0.230    
  -------------------------------------------------------------------
                         slack                                  0.233    

Slack (MET) :             0.247ns  (arrival time - required time)
  Source:                 VGA_inst/VGA_controller_inst/STAT_beeld_INST/ROM_Static_img_INST/U0/inst_blk_mem_gen/gnbram.gnativebmg.native_blk_mem_gen/valid.cstr/has_mux_a.A/no_softecc_sel_reg.ce_pri.sel_pipe_reg[3]/C
                            (rising edge-triggered cell FDRE clocked by clk_out2_clk_wiz_0  {rise@0.000ns fall@19.865ns period=39.730ns})
  Destination:            VGA_inst/VGA_controller_inst/STAT_beeld_INST/ROM_Static_img_INST/U0/inst_blk_mem_gen/gnbram.gnativebmg.native_blk_mem_gen/valid.cstr/has_mux_a.A/no_softecc_norm_sel2.has_mem_regs.WITHOUT_ECC_PIPE.ce_pri.sel_pipe_d1_reg[3]/D
                            (rising edge-triggered cell FDRE clocked by clk_out2_clk_wiz_0  {rise@0.000ns fall@19.865ns period=39.730ns})
  Path Group:             clk_out2_clk_wiz_0
  Path Type:              Hold (Min at Fast Process Corner)
  Requirement:            0.000ns  (clk_out2_clk_wiz_0 rise@0.000ns - clk_out2_clk_wiz_0 rise@0.000ns)
  Data Path Delay:        0.317ns  (logic 0.141ns (44.419%)  route 0.176ns (55.582%))
  Logic Levels:           0  
  Clock Path Skew:        0.000ns (DCD - SCD - CPR)
    Destination Clock Delay (DCD):    -0.858ns
    Source Clock Delay      (SCD):    -0.622ns
    Clock Pessimism Removal (CPR):    -0.236ns

    Location             Delay type                Incr(ns)  Path(ns)    Netlist Resource(s)
  -------------------------------------------------------------------    -------------------
                         (clock clk_out2_clk_wiz_0 rise edge)
                                                      0.000     0.000 r  
    Y9                                                0.000     0.000 r  sys_clk (IN)
                         net (fo=0)                   0.000     0.000    clk_deler/inst/clk_in1
    Y9                   IBUF (Prop_ibuf_I_O)         0.204     0.204 r  clk_deler/inst/clkin1_ibufg/O
                         net (fo=1, routed)           0.440     0.644    clk_deler/inst/clk_in1_clk_wiz_0
    MMCME2_ADV_X0Y0      MMCME2_ADV (Prop_mmcme2_adv_CLKIN1_CLKOUT1)
                                                     -2.421    -1.776 r  clk_deler/inst/mmcm_adv_inst/CLKOUT1
                         net (fo=1, routed)           0.518    -1.258    clk_deler/inst/clk_out2_clk_wiz_0
    BUFGCTRL_X0Y0        BUFG (Prop_bufg_I_O)         0.026    -1.232 r  clk_deler/inst/clkout2_buf/O
                         net (fo=120, routed)         0.611    -0.622    VGA_inst/VGA_controller_inst/STAT_beeld_INST/ROM_Static_img_INST/U0/inst_blk_mem_gen/gnbram.gnativebmg.native_blk_mem_gen/valid.cstr/has_mux_a.A/clka
    SLICE_X91Y48         FDRE                                         r  VGA_inst/VGA_controller_inst/STAT_beeld_INST/ROM_Static_img_INST/U0/inst_blk_mem_gen/gnbram.gnativebmg.native_blk_mem_gen/valid.cstr/has_mux_a.A/no_softecc_sel_reg.ce_pri.sel_pipe_reg[3]/C
  -------------------------------------------------------------------    -------------------
    SLICE_X91Y48         FDRE (Prop_fdre_C_Q)         0.141    -0.481 r  VGA_inst/VGA_controller_inst/STAT_beeld_INST/ROM_Static_img_INST/U0/inst_blk_mem_gen/gnbram.gnativebmg.native_blk_mem_gen/valid.cstr/has_mux_a.A/no_softecc_sel_reg.ce_pri.sel_pipe_reg[3]/Q
                         net (fo=1, routed)           0.176    -0.304    VGA_inst/VGA_controller_inst/STAT_beeld_INST/ROM_Static_img_INST/U0/inst_blk_mem_gen/gnbram.gnativebmg.native_blk_mem_gen/valid.cstr/has_mux_a.A/sel_pipe[3]
    SLICE_X91Y48         FDRE                                         r  VGA_inst/VGA_controller_inst/STAT_beeld_INST/ROM_Static_img_INST/U0/inst_blk_mem_gen/gnbram.gnativebmg.native_blk_mem_gen/valid.cstr/has_mux_a.A/no_softecc_norm_sel2.has_mem_regs.WITHOUT_ECC_PIPE.ce_pri.sel_pipe_d1_reg[3]/D
  -------------------------------------------------------------------    -------------------

                         (clock clk_out2_clk_wiz_0 rise edge)
                                                      0.000     0.000 r  
    Y9                                                0.000     0.000 r  sys_clk (IN)
                         net (fo=0)                   0.000     0.000    clk_deler/inst/clk_in1
    Y9                   IBUF (Prop_ibuf_I_O)         0.393     0.393 r  clk_deler/inst/clkin1_ibufg/O
                         net (fo=1, routed)           0.480     0.873    clk_deler/inst/clk_in1_clk_wiz_0
    MMCME2_ADV_X0Y0      MMCME2_ADV (Prop_mmcme2_adv_CLKIN1_CLKOUT1)
                                                     -3.204    -2.331 r  clk_deler/inst/mmcm_adv_inst/CLKOUT1
                         net (fo=1, routed)           0.564    -1.767    clk_deler/inst/clk_out2_clk_wiz_0
    BUFGCTRL_X0Y0        BUFG (Prop_bufg_I_O)         0.029    -1.738 r  clk_deler/inst/clkout2_buf/O
                         net (fo=120, routed)         0.880    -0.858    VGA_inst/VGA_controller_inst/STAT_beeld_INST/ROM_Static_img_INST/U0/inst_blk_mem_gen/gnbram.gnativebmg.native_blk_mem_gen/valid.cstr/has_mux_a.A/clka
    SLICE_X91Y48         FDRE                                         r  VGA_inst/VGA_controller_inst/STAT_beeld_INST/ROM_Static_img_INST/U0/inst_blk_mem_gen/gnbram.gnativebmg.native_blk_mem_gen/valid.cstr/has_mux_a.A/no_softecc_norm_sel2.has_mem_regs.WITHOUT_ECC_PIPE.ce_pri.sel_pipe_d1_reg[3]/C
                         clock pessimism              0.236    -0.622    
    SLICE_X91Y48         FDRE (Hold_fdre_C_D)         0.070    -0.552    VGA_inst/VGA_controller_inst/STAT_beeld_INST/ROM_Static_img_INST/U0/inst_blk_mem_gen/gnbram.gnativebmg.native_blk_mem_gen/valid.cstr/has_mux_a.A/no_softecc_norm_sel2.has_mem_regs.WITHOUT_ECC_PIPE.ce_pri.sel_pipe_d1_reg[3]
  -------------------------------------------------------------------
                         required time                          0.552    
                         arrival time                          -0.304    
  -------------------------------------------------------------------
                         slack                                  0.247    

Slack (MET) :             0.266ns  (arrival time - required time)
  Source:                 VGA_inst/VGA_driver_inst/VTeller_reg[4]/C
                            (rising edge-triggered cell FDRE clocked by clk_out2_clk_wiz_0  {rise@0.000ns fall@19.865ns period=39.730ns})
  Destination:            VGA_inst/VGA_driver_inst/VTeller_reg[7]/D
                            (rising edge-triggered cell FDRE clocked by clk_out2_clk_wiz_0  {rise@0.000ns fall@19.865ns period=39.730ns})
  Path Group:             clk_out2_clk_wiz_0
  Path Type:              Hold (Min at Fast Process Corner)
  Requirement:            0.000ns  (clk_out2_clk_wiz_0 rise@0.000ns - clk_out2_clk_wiz_0 rise@0.000ns)
  Data Path Delay:        0.357ns  (logic 0.227ns (63.535%)  route 0.130ns (36.465%))
  Logic Levels:           1  (LUT6=1)
  Clock Path Skew:        0.000ns (DCD - SCD - CPR)
    Destination Clock Delay (DCD):    -0.858ns
    Source Clock Delay      (SCD):    -0.623ns
    Clock Pessimism Removal (CPR):    -0.235ns

    Location             Delay type                Incr(ns)  Path(ns)    Netlist Resource(s)
  -------------------------------------------------------------------    -------------------
                         (clock clk_out2_clk_wiz_0 rise edge)
                                                      0.000     0.000 r  
    Y9                                                0.000     0.000 r  sys_clk (IN)
                         net (fo=0)                   0.000     0.000    clk_deler/inst/clk_in1
    Y9                   IBUF (Prop_ibuf_I_O)         0.204     0.204 r  clk_deler/inst/clkin1_ibufg/O
                         net (fo=1, routed)           0.440     0.644    clk_deler/inst/clk_in1_clk_wiz_0
    MMCME2_ADV_X0Y0      MMCME2_ADV (Prop_mmcme2_adv_CLKIN1_CLKOUT1)
                                                     -2.421    -1.776 r  clk_deler/inst/mmcm_adv_inst/CLKOUT1
                         net (fo=1, routed)           0.518    -1.258    clk_deler/inst/clk_out2_clk_wiz_0
    BUFGCTRL_X0Y0        BUFG (Prop_bufg_I_O)         0.026    -1.232 r  clk_deler/inst/clkout2_buf/O
                         net (fo=120, routed)         0.610    -0.623    VGA_inst/VGA_driver_inst/clk_out2
    SLICE_X93Y46         FDRE                                         r  VGA_inst/VGA_driver_inst/VTeller_reg[4]/C
  -------------------------------------------------------------------    -------------------
    SLICE_X93Y46         FDRE (Prop_fdre_C_Q)         0.128    -0.495 r  VGA_inst/VGA_driver_inst/VTeller_reg[4]/Q
                         net (fo=9, routed)           0.130    -0.364    VGA_inst/VGA_driver_inst/LineCount[4]
    SLICE_X93Y46         LUT6 (Prop_lut6_I4_O)        0.099    -0.265 r  VGA_inst/VGA_driver_inst/VTeller[7]_i_2/O
                         net (fo=1, routed)           0.000    -0.265    VGA_inst/VGA_driver_inst/VTeller[7]_i_2_n_0
    SLICE_X93Y46         FDRE                                         r  VGA_inst/VGA_driver_inst/VTeller_reg[7]/D
  -------------------------------------------------------------------    -------------------

                         (clock clk_out2_clk_wiz_0 rise edge)
                                                      0.000     0.000 r  
    Y9                                                0.000     0.000 r  sys_clk (IN)
                         net (fo=0)                   0.000     0.000    clk_deler/inst/clk_in1
    Y9                   IBUF (Prop_ibuf_I_O)         0.393     0.393 r  clk_deler/inst/clkin1_ibufg/O
                         net (fo=1, routed)           0.480     0.873    clk_deler/inst/clk_in1_clk_wiz_0
    MMCME2_ADV_X0Y0      MMCME2_ADV (Prop_mmcme2_adv_CLKIN1_CLKOUT1)
                                                     -3.204    -2.331 r  clk_deler/inst/mmcm_adv_inst/CLKOUT1
                         net (fo=1, routed)           0.564    -1.767    clk_deler/inst/clk_out2_clk_wiz_0
    BUFGCTRL_X0Y0        BUFG (Prop_bufg_I_O)         0.029    -1.738 r  clk_deler/inst/clkout2_buf/O
                         net (fo=120, routed)         0.880    -0.858    VGA_inst/VGA_driver_inst/clk_out2
    SLICE_X93Y46         FDRE                                         r  VGA_inst/VGA_driver_inst/VTeller_reg[7]/C
                         clock pessimism              0.235    -0.623    
    SLICE_X93Y46         FDRE (Hold_fdre_C_D)         0.091    -0.532    VGA_inst/VGA_driver_inst/VTeller_reg[7]
  -------------------------------------------------------------------
                         required time                          0.532    
                         arrival time                          -0.265    
  -------------------------------------------------------------------
                         slack                                  0.266    





Pulse Width Checks
--------------------------------------------------------------------------------------
Clock Name:         clk_out2_clk_wiz_0
Waveform(ns):       { 0.000 19.865 }
Period(ns):         39.730
Sources:            { clk_deler/inst/mmcm_adv_inst/CLKOUT1 }

Check Type        Corner  Lib Pin             Reference Pin  Required(ns)  Actual(ns)  Slack(ns)  Location         Pin
Min Period        n/a     RAMB36E1/CLKARDCLK  n/a            2.892         39.730      36.838     RAMB36_X5Y7      VGA_inst/VGA_controller_inst/STAT_beeld_INST/ROM_Static_img_INST/U0/inst_blk_mem_gen/gnbram.gnativebmg.native_blk_mem_gen/valid.cstr/ramloop[12].ram.r/prim_init.ram/DEVICE_7SERIES.NO_BMM_INFO.SP.CASCADED_PRIM36.ram_B/CLKARDCLK
Min Period        n/a     RAMB36E1/CLKARDCLK  n/a            2.892         39.730      36.838     RAMB36_X3Y6      VGA_inst/VGA_controller_inst/STAT_beeld_INST/ROM_Static_img_INST/U0/inst_blk_mem_gen/gnbram.gnativebmg.native_blk_mem_gen/valid.cstr/ramloop[14].ram.r/prim_init.ram/DEVICE_7SERIES.NO_BMM_INFO.SP.CASCADED_PRIM36.ram_T/CLKARDCLK
Min Period        n/a     RAMB36E1/CLKARDCLK  n/a            2.892         39.730      36.838     RAMB36_X5Y11     VGA_inst/VGA_controller_inst/STAT_beeld_INST/ROM_Static_img_INST/U0/inst_blk_mem_gen/gnbram.gnativebmg.native_blk_mem_gen/valid.cstr/ramloop[18].ram.r/prim_init.ram/DEVICE_7SERIES.NO_BMM_INFO.SP.CASCADED_PRIM36.ram_T/CLKARDCLK
Min Period        n/a     RAMB36E1/CLKARDCLK  n/a            2.892         39.730      36.838     RAMB36_X4Y5      VGA_inst/VGA_controller_inst/STAT_beeld_INST/ROM_Static_img_INST/U0/inst_blk_mem_gen/gnbram.gnativebmg.native_blk_mem_gen/valid.cstr/ramloop[20].ram.r/prim_init.ram/DEVICE_7SERIES.NO_BMM_INFO.SP.CASCADED_PRIM36.ram_B/CLKARDCLK
Min Period        n/a     RAMB36E1/CLKARDCLK  n/a            2.892         39.730      36.838     RAMB36_X4Y3      VGA_inst/VGA_controller_inst/STAT_beeld_INST/ROM_Static_img_INST/U0/inst_blk_mem_gen/gnbram.gnativebmg.native_blk_mem_gen/valid.cstr/ramloop[2].ram.r/prim_init.ram/DEVICE_7SERIES.NO_BMM_INFO.SP.CASCADED_PRIM36.ram_B/CLKARDCLK
Min Period        n/a     RAMB36E1/CLKARDCLK  n/a            2.892         39.730      36.838     RAMB36_X3Y3      VGA_inst/VGA_controller_inst/STAT_beeld_INST/ROM_Static_img_INST/U0/inst_blk_mem_gen/gnbram.gnativebmg.native_blk_mem_gen/valid.cstr/ramloop[9].ram.r/prim_init.ram/DEVICE_7SERIES.NO_BMM_INFO.SP.CASCADED_PRIM36.ram_B/CLKARDCLK
Min Period        n/a     RAMB36E1/CLKARDCLK  n/a            2.892         39.730      36.838     RAMB36_X5Y12     VGA_inst/VGA_controller_inst/STAT_beeld_INST/ROM_Static_img_INST/U0/inst_blk_mem_gen/gnbram.gnativebmg.native_blk_mem_gen/valid.cstr/ramloop[0].ram.r/prim_init.ram/DEVICE_7SERIES.NO_BMM_INFO.SP.CASCADED_PRIM36.ram_B/CLKARDCLK
Min Period        n/a     RAMB36E1/CLKARDCLK  n/a            2.892         39.730      36.838     RAMB36_X5Y8      VGA_inst/VGA_controller_inst/STAT_beeld_INST/ROM_Static_img_INST/U0/inst_blk_mem_gen/gnbram.gnativebmg.native_blk_mem_gen/valid.cstr/ramloop[12].ram.r/prim_init.ram/DEVICE_7SERIES.NO_BMM_INFO.SP.CASCADED_PRIM36.ram_T/CLKARDCLK
Min Period        n/a     RAMB36E1/CLKARDCLK  n/a            2.892         39.730      36.838     RAMB36_X3Y11     VGA_inst/VGA_controller_inst/STAT_beeld_INST/ROM_Static_img_INST/U0/inst_blk_mem_gen/gnbram.gnativebmg.native_blk_mem_gen/valid.cstr/ramloop[15].ram.r/prim_init.ram/DEVICE_7SERIES.NO_BMM_INFO.SP.CASCADED_PRIM36.ram_B/CLKARDCLK
Min Period        n/a     RAMB36E1/CLKARDCLK  n/a            2.892         39.730      36.838     RAMB36_X1Y8      VGA_inst/VGA_controller_inst/STAT_beeld_INST/ROM_Static_img_INST/U0/inst_blk_mem_gen/gnbram.gnativebmg.native_blk_mem_gen/valid.cstr/ramloop[19].ram.r/prim_init.ram/DEVICE_7SERIES.NO_BMM_INFO.SP.CASCADED_PRIM36.ram_B/CLKARDCLK
Max Period        n/a     MMCME2_ADV/CLKOUT1  n/a            213.360       39.730      173.630    MMCME2_ADV_X0Y0  clk_deler/inst/mmcm_adv_inst/CLKOUT1
Low Pulse Width   Fast    FDRE/C              n/a            0.500         19.865      19.365     SLICE_X94Y46     VGA_inst/VGA_driver_inst/Flag_Active_Video_reg/C
Low Pulse Width   Slow    FDRE/C              n/a            0.500         19.865      19.365     SLICE_X90Y47     VGA_inst/VGA_controller_inst/STAT_beeld_INST/ROM_Static_img_INST/U0/inst_blk_mem_gen/gnbram.gnativebmg.native_blk_mem_gen/valid.cstr/has_mux_a.A/no_softecc_norm_sel2.has_mem_regs.WITHOUT_ECC_PIPE.ce_pri.sel_pipe_d1_reg[0]/C
Low Pulse Width   Fast    FDRE/C              n/a            0.500         19.865      19.365     SLICE_X90Y47     VGA_inst/VGA_controller_inst/STAT_beeld_INST/ROM_Static_img_INST/U0/inst_blk_mem_gen/gnbram.gnativebmg.native_blk_mem_gen/valid.cstr/has_mux_a.A/no_softecc_norm_sel2.has_mem_regs.WITHOUT_ECC_PIPE.ce_pri.sel_pipe_d1_reg[0]/C
Low Pulse Width   Slow    FDRE/C              n/a            0.500         19.865      19.365     SLICE_X90Y47     VGA_inst/VGA_controller_inst/STAT_beeld_INST/ROM_Static_img_INST/U0/inst_blk_mem_gen/gnbram.gnativebmg.native_blk_mem_gen/valid.cstr/has_mux_a.A/no_softecc_norm_sel2.has_mem_regs.WITHOUT_ECC_PIPE.ce_pri.sel_pipe_d1_reg[1]/C
Low Pulse Width   Fast    FDRE/C              n/a            0.500         19.865      19.365     SLICE_X90Y47     VGA_inst/VGA_controller_inst/STAT_beeld_INST/ROM_Static_img_INST/U0/inst_blk_mem_gen/gnbram.gnativebmg.native_blk_mem_gen/valid.cstr/has_mux_a.A/no_softecc_norm_sel2.has_mem_regs.WITHOUT_ECC_PIPE.ce_pri.sel_pipe_d1_reg[1]/C
Low Pulse Width   Slow    FDRE/C              n/a            0.500         19.865      19.365     SLICE_X91Y47     VGA_inst/VGA_controller_inst/STAT_beeld_INST/ROM_Static_img_INST/U0/inst_blk_mem_gen/gnbram.gnativebmg.native_blk_mem_gen/valid.cstr/has_mux_a.A/no_softecc_norm_sel2.has_mem_regs.WITHOUT_ECC_PIPE.ce_pri.sel_pipe_d1_reg[2]/C
Low Pulse Width   Fast    FDRE/C              n/a            0.500         19.865      19.365     SLICE_X91Y47     VGA_inst/VGA_controller_inst/STAT_beeld_INST/ROM_Static_img_INST/U0/inst_blk_mem_gen/gnbram.gnativebmg.native_blk_mem_gen/valid.cstr/has_mux_a.A/no_softecc_norm_sel2.has_mem_regs.WITHOUT_ECC_PIPE.ce_pri.sel_pipe_d1_reg[2]/C
Low Pulse Width   Slow    FDRE/C              n/a            0.500         19.865      19.365     SLICE_X91Y48     VGA_inst/VGA_controller_inst/STAT_beeld_INST/ROM_Static_img_INST/U0/inst_blk_mem_gen/gnbram.gnativebmg.native_blk_mem_gen/valid.cstr/has_mux_a.A/no_softecc_norm_sel2.has_mem_regs.WITHOUT_ECC_PIPE.ce_pri.sel_pipe_d1_reg[3]/C
Low Pulse Width   Fast    FDRE/C              n/a            0.500         19.865      19.365     SLICE_X91Y48     VGA_inst/VGA_controller_inst/STAT_beeld_INST/ROM_Static_img_INST/U0/inst_blk_mem_gen/gnbram.gnativebmg.native_blk_mem_gen/valid.cstr/has_mux_a.A/no_softecc_norm_sel2.has_mem_regs.WITHOUT_ECC_PIPE.ce_pri.sel_pipe_d1_reg[3]/C
Low Pulse Width   Slow    FDRE/C              n/a            0.500         19.865      19.365     SLICE_X91Y47     VGA_inst/VGA_controller_inst/STAT_beeld_INST/ROM_Static_img_INST/U0/inst_blk_mem_gen/gnbram.gnativebmg.native_blk_mem_gen/valid.cstr/has_mux_a.A/no_softecc_sel_reg.ce_pri.sel_pipe_reg[0]/C
High Pulse Width  Slow    FDRE/C              n/a            0.500         19.865      19.365     SLICE_X94Y46     VGA_inst/VGA_driver_inst/Flag_Active_Video_reg/C
High Pulse Width  Slow    FDRE/C              n/a            0.500         19.865      19.365     SLICE_X90Y47     VGA_inst/VGA_controller_inst/STAT_beeld_INST/ROM_Static_img_INST/U0/inst_blk_mem_gen/gnbram.gnativebmg.native_blk_mem_gen/valid.cstr/has_mux_a.A/no_softecc_norm_sel2.has_mem_regs.WITHOUT_ECC_PIPE.ce_pri.sel_pipe_d1_reg[0]/C
High Pulse Width  Slow    FDRE/C              n/a            0.500         19.865      19.365     SLICE_X90Y47     VGA_inst/VGA_controller_inst/STAT_beeld_INST/ROM_Static_img_INST/U0/inst_blk_mem_gen/gnbram.gnativebmg.native_blk_mem_gen/valid.cstr/has_mux_a.A/no_softecc_norm_sel2.has_mem_regs.WITHOUT_ECC_PIPE.ce_pri.sel_pipe_d1_reg[1]/C
High Pulse Width  Slow    FDRE/C              n/a            0.500         19.865      19.365     SLICE_X91Y47     VGA_inst/VGA_controller_inst/STAT_beeld_INST/ROM_Static_img_INST/U0/inst_blk_mem_gen/gnbram.gnativebmg.native_blk_mem_gen/valid.cstr/has_mux_a.A/no_softecc_norm_sel2.has_mem_regs.WITHOUT_ECC_PIPE.ce_pri.sel_pipe_d1_reg[2]/C
High Pulse Width  Slow    FDRE/C              n/a            0.500         19.865      19.365     SLICE_X91Y48     VGA_inst/VGA_controller_inst/STAT_beeld_INST/ROM_Static_img_INST/U0/inst_blk_mem_gen/gnbram.gnativebmg.native_blk_mem_gen/valid.cstr/has_mux_a.A/no_softecc_norm_sel2.has_mem_regs.WITHOUT_ECC_PIPE.ce_pri.sel_pipe_d1_reg[3]/C
High Pulse Width  Slow    FDRE/C              n/a            0.500         19.865      19.365     SLICE_X88Y48     VGA_inst/VGA_controller_inst/STAT_beeld_INST/ROM_Static_img_INST/U0/inst_blk_mem_gen/gnbram.gnativebmg.native_blk_mem_gen/valid.cstr/has_mux_a.A/no_softecc_norm_sel2.has_mem_regs.WITHOUT_ECC_PIPE.ce_pri.sel_pipe_d1_reg[4]/C
High Pulse Width  Slow    FDRE/C              n/a            0.500         19.865      19.365     SLICE_X88Y48     VGA_inst/VGA_controller_inst/STAT_beeld_INST/ROM_Static_img_INST/U0/inst_blk_mem_gen/gnbram.gnativebmg.native_blk_mem_gen/valid.cstr/has_mux_a.A/no_softecc_norm_sel2.has_mem_regs.WITHOUT_ECC_PIPE.ce_pri.sel_pipe_d1_reg[5]/C
High Pulse Width  Slow    FDRE/C              n/a            0.500         19.865      19.365     SLICE_X89Y48     VGA_inst/VGA_controller_inst/STAT_beeld_INST/ROM_Static_img_INST/U0/inst_blk_mem_gen/gnbram.gnativebmg.native_blk_mem_gen/valid.cstr/has_mux_a.A/no_softecc_norm_sel2.has_mem_regs.WITHOUT_ECC_PIPE.ce_pri.sel_pipe_d1_reg[6]/C
High Pulse Width  Slow    FDRE/C              n/a            0.500         19.865      19.365     SLICE_X91Y47     VGA_inst/VGA_controller_inst/STAT_beeld_INST/ROM_Static_img_INST/U0/inst_blk_mem_gen/gnbram.gnativebmg.native_blk_mem_gen/valid.cstr/has_mux_a.A/no_softecc_sel_reg.ce_pri.sel_pipe_reg[0]/C
High Pulse Width  Slow    FDRE/C              n/a            0.500         19.865      19.365     SLICE_X91Y47     VGA_inst/VGA_controller_inst/STAT_beeld_INST/ROM_Static_img_INST/U0/inst_blk_mem_gen/gnbram.gnativebmg.native_blk_mem_gen/valid.cstr/has_mux_a.A/no_softecc_sel_reg.ce_pri.sel_pipe_reg[1]/C



---------------------------------------------------------------------------------------------------
From Clock:  clkfbout_clk_wiz_0
  To Clock:  clkfbout_clk_wiz_0

Setup :           NA  Failing Endpoints,  Worst Slack           NA  ,  Total Violation           NA
Hold  :           NA  Failing Endpoints,  Worst Slack           NA  ,  Total Violation           NA
PW    :            0  Failing Endpoints,  Worst Slack        8.262ns,  Total Violation        0.000ns
---------------------------------------------------------------------------------------------------


Pulse Width Checks
--------------------------------------------------------------------------------------
Clock Name:         clkfbout_clk_wiz_0
Waveform(ns):       { 0.000 5.208 }
Period(ns):         10.417
Sources:            { clk_deler/inst/mmcm_adv_inst/CLKFBOUT }

Check Type  Corner  Lib Pin              Reference Pin  Required(ns)  Actual(ns)  Slack(ns)  Location         Pin
Min Period  n/a     BUFG/I               n/a            2.155         10.417      8.262      BUFGCTRL_X0Y1    clk_deler/inst/clkf_buf/I
Min Period  n/a     MMCME2_ADV/CLKFBOUT  n/a            1.249         10.417      9.168      MMCME2_ADV_X0Y0  clk_deler/inst/mmcm_adv_inst/CLKFBOUT
Min Period  n/a     MMCME2_ADV/CLKFBIN   n/a            1.249         10.417      9.168      MMCME2_ADV_X0Y0  clk_deler/inst/mmcm_adv_inst/CLKFBIN
Max Period  n/a     MMCME2_ADV/CLKFBIN   n/a            100.000       10.417      89.583     MMCME2_ADV_X0Y0  clk_deler/inst/mmcm_adv_inst/CLKFBIN
Max Period  n/a     MMCME2_ADV/CLKFBOUT  n/a            213.360       10.417      202.943    MMCME2_ADV_X0Y0  clk_deler/inst/mmcm_adv_inst/CLKFBOUT



